severity_score,priority_tier,sla_tier_hours,queue_size,regulatory_flag,vip_customer,channel_is_digital,hour_of_day,sla_breached
0.639,1,48,7,0,0,1,17,0
0.422,1,5,6,0,0,1,22,0
0.545,2,72,18,0,0,0,5,0
0.34,2,24,30,0,0,1,11,0
0.604,1,72,17,0,0,1,9,0
0.619,3,24,22,1,0,0,2,1
0.866,4,48,14,0,0,1,6,1
0.702,1,24,17,0,0,1,20,1
0.22,3,5,7,0,0,1,2,1
0.943,3,24,20,0,0,1,4,1
0.247,5,48,23,0,0,1,7,0
0.138,4,5,24,1,0,1,21,1
0.064,4,72,16,0,0,0,21,0
0.682,5,48,24,0,0,1,14,1
0.722,3,24,16,0,0,1,20,1
0.199,3,24,17,0,0,0,19,0
0.019,3,48,7,1,0,0,2,0
0.816,5,24,4,0,0,1,16,1
0.423,2,24,22,0,0,1,14,0
0.451,2,24,2,0,0,1,7,0
0.708,1,24,2,0,0,1,7,0
0.485,5,24,23,0,0,1,15,1
0.19,1,72,11,0,0,1,21,0
0.646,1,72,23,0,0,1,6,0
0.14,2,48,14,0,0,1,17,0
0.652,5,5,2,0,0,1,15,1
0.865,1,24,12,1,0,0,14,1
0.697,5,72,4,0,0,1,23,0
0.748,1,5,18,0,0,1,1,1
0.08,2,5,19,1,0,1,18,1
0.595,5,5,13,0,0,1,8,1
0.716,2,48,12,0,0,1,2,1
0.621,5,5,2,0,0,1,11,1
0.879,3,48,5,0,0,1,20,1
0.668,5,48,29,0,0,1,3,1
0.742,2,48,9,0,0,1,20,0
0.505,3,5,2,0,0,1,10,1
0.637,3,24,23,0,0,1,3,1
0.883,2,5,26,0,0,1,1,1
0.899,1,48,6,0,0,1,17,0
0.406,5,24,29,0,0,0,5,1
0.025,3,72,25,0,0,1,5,0
0.108,1,72,7,0,0,1,7,0
0.66,4,48,8,0,0,1,20,1
0.68,5,48,30,1,0,1,18,1
0.265,1,72,11,0,0,1,16,0
0.9,2,48,1,0,1,0,17,0
0.94,2,48,13,1,0,1,10,1
0.125,3,48,21,0,0,1,4,0
0.665,4,24,19,0,0,0,9,1
0.43,5,48,14,0,0,1,23,1
0.085,5,48,2,0,0,1,7,0
0.147,1,24,15,0,0,1,20,0
0.718,4,72,12,0,0,1,3,0
0.219,5,72,1,0,0,1,4,0
0.668,5,48,30,0,0,0,16,1
0.907,4,24,23,0,0,0,20,1
0.778,4,24,8,0,0,1,10,1
0.54,2,24,7,0,0,1,13,0
0.543,4,5,6,0,0,0,22,1
0.881,5,72,15,1,0,0,13,1
0.735,5,24,15,0,0,1,10,1
0.798,2,72,29,0,0,1,12,1
0.663,1,72,4,0,0,1,10,0
0.327,4,48,24,0,0,0,15,1
0.539,3,24,20,1,0,1,0,1
0.199,1,24,7,0,0,1,6,0
0.256,3,24,19,0,0,1,5,0
0.108,1,48,18,0,0,1,22,0
0.592,2,5,22,0,0,1,3,1
0.566,1,48,17,0,0,1,10,0
0.42,4,5,13,0,0,0,22,1
0.176,5,48,19,0,0,1,13,0
0.592,3,24,26,0,0,1,14,1
0.668,3,5,15,0,0,1,8,1
0.88,3,5,16,0,0,1,15,1
0.24,4,72,14,0,0,1,22,0
0.664,3,72,17,0,0,1,10,0
0.454,3,48,7,0,0,1,17,0
0.69,2,24,23,0,0,0,16,1
0.981,2,48,7,0,0,1,4,1
0.974,5,48,22,0,0,0,3,1
0.574,4,72,14,0,0,1,15,0
0.065,4,5,18,0,1,1,18,0
0.085,2,5,17,0,0,0,7,0
0.38,4,48,27,0,0,1,1,1
0.74,2,24,8,0,0,1,2,1
0.409,5,72,9,1,0,1,14,0
0.233,3,24,13,1,0,1,8,0
0.071,2,48,19,0,0,1,3,0
0.304,4,48,16,0,0,1,13,0
0.604,1,5,7,0,0,1,0,0
0.672,3,5,24,0,0,1,8,1
0.585,4,5,15,0,0,1,5,1
0.694,3,72,26,0,1,1,8,1
0.97,4,5,21,0,0,1,16,1
0.756,4,5,6,0,0,1,22,1
0.029,5,24,22,0,0,1,2,1
0.841,1,72,30,1,0,1,22,1
0.705,4,72,15,0,0,1,19,0
0.879,1,48,24,0,0,0,16,1
0.003,3,72,27,0,0,1,17,0
0.377,3,24,22,0,0,0,13,1
0.745,4,72,21,0,0,1,1,1
0.965,3,5,27,0,0,0,0,1
0.41,2,5,15,0,0,1,12,1
0.852,5,72,30,0,0,0,17,1
0.068,3,24,23,1,0,0,22,0
0.444,3,5,1,0,1,1,13,1
0.531,5,24,5,0,0,1,21,1
0.913,2,24,14,0,0,1,14,1
0.678,2,5,14,0,0,1,13,1
0.457,3,24,12,0,0,1,11,1
0.993,3,5,26,0,0,1,21,1
0.974,5,72,26,0,0,0,19,1
0.219,2,48,21,0,0,1,4,0
0.903,1,48,25,0,0,1,2,1
0.327,4,24,6,0,0,0,16,0
0.273,2,48,29,0,0,0,23,0
0.804,4,5,4,0,0,1,21,1
0.967,5,48,2,0,1,1,14,1
0.749,3,72,26,0,0,1,15,1
0.884,5,48,29,0,0,1,14,1
0.302,4,5,4,1,1,0,3,1
0.887,2,72,14,0,0,1,17,0
0.742,2,72,20,1,0,1,8,1
0.371,4,72,30,0,0,0,11,0
0.978,3,5,12,0,0,0,14,1
0.212,5,5,1,0,0,1,18,1
0.83,5,24,18,0,0,1,4,1
0.596,3,24,4,0,0,1,0,1
0.358,2,48,0,0,1,1,16,0
0.064,4,48,16,0,0,1,19,0
0.783,5,48,14,0,1,0,12,1
0.108,4,5,28,1,0,1,8,1
0.585,3,72,19,0,0,1,3,0
0.114,5,24,13,0,0,1,14,0
0.73,3,72,10,0,0,1,15,0
0.832,1,72,3,0,0,1,1,0
0.562,3,5,13,0,0,0,23,1
0.288,3,48,3,0,0,1,7,0
0.35,5,48,3,0,0,0,17,0
0.818,5,5,19,0,0,1,5,1
0.762,3,48,0,0,0,1,2,1
0.633,1,5,23,0,0,1,5,1
0.722,5,5,28,1,0,1,21,1
0.443,4,72,19,0,0,0,3,0
0.111,5,72,16,0,1,1,19,0
0.204,2,24,24,0,0,1,23,0
0.129,5,24,16,0,0,1,12,0
0.042,1,72,29,1,0,1,12,0
0.418,1,72,0,0,0,0,14,0
0.92,1,72,27,1,0,1,2,1
0.31,3,24,10,0,1,1,16,0
0.906,3,48,23,0,0,1,3,1
0.197,5,24,24,0,1,0,20,1
0.754,5,72,21,0,0,1,19,1
0.971,3,24,14,1,0,1,8,1
0.352,1,48,14,0,1,0,2,0
0.977,1,72,14,0,0,1,1,0
0.81,2,48,19,0,0,1,3,1
0.837,1,24,1,0,0,1,16,0
0.364,3,72,13,0,0,1,20,0
0.066,1,72,9,0,0,0,19,0
0.333,5,24,29,0,0,1,12,1
0.709,1,48,17,0,0,0,21,0
0.947,5,5,20,0,0,1,9,1
0.214,4,24,7,0,0,1,3,0
0.54,5,5,21,0,0,1,12,1
0.181,5,24,23,0,0,1,7,1
0.611,4,24,17,0,0,0,6,1
0.947,4,72,24,0,0,1,5,1
0.801,2,48,1,0,0,1,3,0
0.516,1,48,2,0,0,0,4,0
0.092,2,72,28,0,1,1,16,0
0.386,1,48,7,1,0,0,20,0
0.146,1,48,29,0,0,1,22,0
0.615,1,5,8,0,0,0,19,1
0.111,3,24,9,0,0,1,19,0
0.111,4,5,20,0,0,1,13,1
0.353,5,72,5,0,0,0,2,0
0.544,5,5,12,0,1,1,11,1
0.016,1,48,7,0,0,0,23,0
0.133,3,48,26,0,0,1,22,0
0.182,2,5,22,0,0,1,1,0
0.886,3,48,16,0,0,1,1,1
0.191,3,5,27,0,0,0,13,1
0.743,4,48,5,0,0,0,16,1
0.083,4,5,13,0,0,1,10,1
0.328,3,48,14,0,0,1,11,0
0.727,3,72,8,0,0,1,21,0
0.363,2,5,4,0,0,1,4,1
0.779,3,48,12,0,1,1,14,1
0.372,1,24,16,0,0,1,3,0
0.186,5,72,29,0,0,1,14,0
0.612,4,24,3,0,1,1,22,1
0.088,3,48,22,1,0,0,5,0
0.927,2,48,16,0,0,0,7,1
0.026,5,48,14,0,0,1,2,0
0.398,4,72,24,0,0,1,10,0
0.45,5,48,4,0,0,1,5,0
0.129,5,5,26,0,0,1,10,1
0.225,5,48,27,1,0,0,8,1
0.303,5,5,16,0,0,1,5,1
0.721,5,48,26,0,1,0,2,1
0.641,5,48,20,0,0,1,0,1
0.627,3,48,15,0,0,1,14,1
0.06,4,72,15,0,0,1,22,0
0.988,3,72,4,0,0,1,7,0
0.267,2,24,3,1,0,0,13,0
0.865,2,48,29,0,0,0,15,1
0.467,3,72,0,1,0,1,7,0
0.353,1,48,15,0,0,1,9,0
0.847,4,24,28,0,0,1,1,1
0.57,2,48,17,0,0,1,17,0
0.989,5,5,4,0,0,0,10,1
0.366,2,24,19,0,0,1,4,0
0.804,5,72,4,0,0,1,19,1
0.393,5,48,18,0,0,1,22,1
0.475,1,48,10,0,0,1,23,0
0.629,5,72,8,0,0,0,18,0
0.051,4,24,16,0,0,0,4,0
0.242,5,5,6,1,0,1,22,1
0.502,5,72,27,0,0,1,16,1
0.325,4,72,10,0,0,1,17,0
0.772,3,72,6,0,0,1,9,0
0.705,4,48,15,0,0,0,8,1
0.573,5,72,28,0,0,0,4,1
0.288,1,48,29,0,0,1,6,0
0.271,5,48,4,1,0,1,1,0
0.531,2,5,3,0,0,1,4,1
0.55,2,72,20,0,0,1,6,0
0.287,3,5,29,0,0,1,23,1
0.937,2,72,28,0,0,1,12,1
0.186,3,5,0,0,0,0,10,0
0.989,5,72,28,0,0,1,6,1
0.331,4,48,22,0,0,0,18,0
0.193,5,72,26,0,0,1,3,0
0.141,3,24,0,0,0,0,10,0
0.723,1,48,20,0,0,1,14,1
0.405,5,48,22,1,0,1,19,1
0.957,4,24,14,0,0,1,17,1
0.757,2,24,21,0,0,1,14,1
0.362,5,5,1,0,0,1,17,1
0.328,5,72,3,0,0,1,16,0
0.056,2,72,14,0,0,1,9,0
0.396,1,24,18,1,0,1,17,0
0.935,1,72,1,0,0,1,20,0
0.646,4,48,28,0,0,0,12,1
0.964,5,24,20,0,0,0,12,1
0.728,2,5,24,1,0,1,17,1
0.379,2,24,14,0,0,0,23,0
0.032,4,5,7,0,0,1,19,0
0.872,2,5,12,0,0,0,1,1
0.993,2,48,18,0,0,1,9,1
0.986,5,24,13,0,1,0,23,1
0.626,4,72,1,0,0,1,16,0
0.416,2,48,12,0,0,1,7,0
0.708,4,5,17,0,0,1,12,1
0.203,1,72,27,0,0,0,1,0
0.674,5,5,27,1,0,1,21,1
0.479,3,48,30,0,0,1,23,1
1.0,4,24,22,0,0,0,17,1
0.283,4,48,9,0,0,1,3,0
0.722,3,24,11,0,1,0,23,1
0.261,5,72,9,0,0,1,7,0
0.655,3,48,24,0,0,1,15,1
0.733,3,24,4,0,0,0,17,1
0.957,5,5,26,0,0,1,0,1
0.843,2,5,22,0,0,1,1,1
0.667,5,72,21,0,1,1,0,1
0.722,5,48,0,0,0,1,5,1
0.096,2,24,6,0,0,1,12,0
0.959,4,24,22,0,0,0,20,1
0.65,1,5,12,0,0,1,0,1
0.083,4,48,18,0,0,0,1,0
0.901,5,72,8,1,1,0,17,1
0.033,3,5,30,0,0,0,12,0
0.299,5,24,18,0,0,0,10,1
0.74,1,48,1,1,0,1,19,0
0.955,4,48,0,0,0,1,7,1
0.941,4,24,21,0,0,0,9,1
0.713,1,48,4,0,0,1,12,0
0.107,1,48,14,0,0,1,5,0
0.557,5,72,3,1,0,1,19,0
0.864,1,48,13,0,0,0,7,0
0.17,4,24,4,0,0,1,5,0
0.421,4,5,11,0,0,1,19,1
0.458,2,48,0,0,0,1,10,0
0.431,5,24,9,0,0,1,10,1
0.398,3,48,23,0,0,1,7,0
0.28,4,48,3,0,0,0,5,0
0.55,4,24,14,0,0,1,13,1
0.139,3,24,8,0,0,0,2,0
0.598,5,72,17,0,0,1,17,1
0.968,5,5,3,0,0,1,20,1
0.563,4,48,30,0,0,1,7,1
0.519,5,24,14,0,0,1,22,1
0.345,1,72,3,0,0,1,23,0
0.312,4,24,16,0,0,1,22,1
0.067,1,5,0,0,0,1,5,0
0.74,5,24,17,0,0,0,7,1
0.63,2,72,12,1,0,1,18,0
0.004,2,24,8,0,0,1,3,0
0.537,3,48,6,0,0,0,16,0
0.313,4,72,18,1,0,1,5,0
0.706,3,5,21,0,0,1,5,1
0.141,4,72,19,0,0,1,20,0
0.919,2,24,15,0,0,0,19,1
0.359,1,72,4,0,0,1,20,0
0.685,4,72,15,0,0,0,7,1
0.275,5,48,5,0,0,0,15,0
0.113,1,48,24,0,0,1,1,0
0.441,2,72,3,0,0,1,1,0
0.349,1,72,27,0,0,1,23,0
0.351,5,72,5,0,0,0,1,0
0.532,5,24,10,0,0,1,16,1
0.679,1,24,30,0,0,1,8,1
0.127,2,24,4,0,0,0,21,0
0.142,3,72,12,0,0,0,2,0
0.75,3,72,30,0,0,0,23,1
0.972,3,5,25,0,0,1,6,1
0.323,3,48,17,0,0,1,10,0
0.762,1,5,20,0,0,1,5,1
0.001,4,24,22,0,0,1,8,0
0.36,1,48,21,0,0,1,9,0
0.755,4,5,22,1,0,1,18,1
0.68,1,5,22,0,0,0,22,1
0.071,4,5,23,0,0,1,9,1
0.773,2,24,2,0,1,1,14,1
0.213,2,72,19,0,0,1,3,0
0.123,4,48,30,0,0,1,20,0
0.553,5,48,24,0,1,0,9,1
0.607,2,72,9,0,0,0,7,0
0.113,4,5,16,0,1,1,10,1
0.861,5,72,11,0,0,1,2,1
0.068,3,24,1,0,0,1,9,0
0.501,4,72,22,0,0,1,4,0
0.31,5,24,25,0,0,1,20,1
0.066,4,24,1,0,0,1,19,0
0.309,2,5,0,0,0,1,11,0
0.783,3,24,11,0,0,1,3,1
0.029,4,48,16,1,0,1,2,0
0.511,1,72,27,0,0,1,3,0
0.674,1,24,23,0,1,0,7,1
0.364,2,24,29,0,1,0,22,1
0.419,3,24,13,0,0,0,18,1
0.502,1,24,7,0,0,0,2,0
0.866,3,48,2,0,1,1,18,0
0.74,2,72,11,0,0,0,6,0
0.547,2,24,0,0,1,1,20,0
0.877,3,5,24,0,0,1,3,1
0.983,4,72,30,1,0,1,2,1
0.231,5,72,22,0,0,1,18,0
0.134,4,5,18,0,0,0,7,1
0.851,4,48,10,0,0,0,4,1
0.585,2,5,5,0,0,1,11,1
0.208,3,72,8,0,0,0,9,0
0.697,1,24,26,0,0,1,11,1
0.049,3,48,26,0,1,1,14,0
0.55,1,72,3,0,0,1,7,0
0.824,3,5,18,0,0,1,2,1
0.646,2,5,28,0,0,1,14,1
0.924,4,72,15,1,0,1,6,1
0.275,4,24,1,0,0,1,15,0
0.551,1,5,8,0,0,1,16,1
0.994,5,5,12,0,0,1,15,1
0.566,3,72,8,0,0,1,8,0
0.992,5,48,24,0,0,1,7,1
0.267,1,24,18,0,0,1,5,0
0.593,3,5,22,0,0,1,18,1
0.837,4,48,5,0,0,1,7,1
0.478,3,24,25,0,0,0,10,1
0.148,2,5,27,0,0,1,22,0
0.396,1,48,9,0,0,1,13,0
0.961,3,24,22,0,0,0,11,1
0.589,2,72,9,0,0,1,0,0
0.949,4,5,5,0,0,0,7,1
0.104,4,24,10,0,0,0,5,0
0.963,3,72,0,0,0,1,8,0
0.72,1,72,14,0,0,0,15,0
0.351,4,5,26,0,0,1,21,1
0.451,1,48,0,0,0,1,5,0
0.161,1,5,10,0,0,1,0,0
0.654,5,72,5,1,0,0,13,0
0.722,5,48,21,0,0,1,18,1
0.491,1,48,0,0,0,1,19,0
0.097,2,24,20,0,0,0,9,0
0.471,3,5,20,0,0,0,11,1
0.045,4,72,8,0,0,1,22,0
0.086,3,72,24,0,0,0,16,0
0.536,4,24,15,0,0,0,1,1
0.9,5,24,3,0,0,0,5,1
0.808,2,5,13,1,0,1,20,1
0.595,3,5,2,0,0,1,8,1
0.917,1,72,3,0,0,1,3,0
0.563,1,48,27,0,0,1,12,0
0.572,4,5,5,0,0,1,22,1
0.396,3,24,1,0,0,0,0,0
0.794,3,48,26,0,0,1,7,1
0.974,4,48,8,0,0,1,14,1
0.824,4,48,26,1,0,1,22,1
0.136,5,5,5,0,0,0,7,1
0.051,3,24,8,0,0,1,3,0
0.242,4,72,5,0,0,1,11,0
0.894,1,48,0,0,0,1,6,0
0.647,2,48,20,0,1,0,21,1
0.912,2,5,7,0,0,1,22,1
0.424,4,48,14,0,0,1,19,0
0.102,5,48,17,0,0,1,3,0
0.336,3,48,27,0,0,0,20,0
0.15,2,5,25,0,0,1,10,0
0.721,4,48,8,0,0,1,18,1
0.572,2,48,23,0,0,1,15,0
0.672,5,48,27,0,0,1,9,1
0.128,3,24,30,0,0,1,11,1
0.871,4,48,11,0,0,0,15,1
0.634,5,5,15,0,0,0,12,1
0.413,2,24,6,0,0,0,14,0
0.862,2,5,15,0,0,1,1,1
0.274,2,24,15,0,0,1,13,0
0.403,4,72,0,1,0,1,0,0
0.757,5,24,0,0,0,1,22,1
0.312,1,72,16,0,0,0,9,0
0.456,5,48,13,0,0,1,15,1
0.188,4,5,7,0,0,1,0,0
0.169,3,5,12,0,0,1,1,0
0.048,1,5,1,0,0,1,17,0
0.702,2,5,9,0,0,1,19,1
0.137,1,5,9,1,0,1,6,0
0.831,2,48,22,0,0,1,6,1
0.481,2,5,0,0,0,0,21,0
0.949,5,5,23,0,0,1,14,1
0.296,4,5,3,0,0,0,11,0
0.313,1,5,27,0,1,0,21,1
0.329,4,48,28,0,0,1,3,1
0.962,3,72,22,0,0,1,5,1
0.696,1,24,3,0,0,0,21,0
0.611,3,5,27,0,0,0,4,1
0.488,4,72,1,1,0,1,21,0
0.744,5,24,30,0,0,1,22,1
0.433,2,72,11,0,0,1,17,0
0.613,1,24,16,0,0,0,2,0
0.321,3,48,1,0,0,1,7,0
0.444,5,72,2,0,0,1,15,0
0.018,4,72,1,0,1,1,19,0
0.638,5,24,20,0,0,1,1,1
0.844,3,72,22,0,0,1,21,1
0.341,3,48,22,1,0,1,22,0
0.409,3,24,6,0,0,1,6,0
0.108,4,5,29,0,0,1,14,1
0.589,5,24,30,0,0,1,13,1
0.483,5,24,22,0,0,1,12,1
0.606,3,72,13,0,0,0,8,0
0.343,3,72,25,0,0,1,23,0
0.843,5,48,22,0,0,1,6,1
0.291,3,24,22,0,0,1,22,1
0.71,3,72,18,0,0,1,23,0
0.534,4,5,16,1,0,1,1,1
0.75,2,48,21,0,0,1,9,1
0.541,3,72,3,0,0,1,7,0
0.561,2,48,22,0,0,1,21,1
0.552,1,48,6,0,0,0,7,0
0.705,3,24,24,0,0,1,21,1
0.962,5,5,12,1,0,1,5,1
0.255,3,72,22,0,1,0,19,0
0.932,5,48,15,0,0,1,22,1
0.22,2,5,25,0,0,1,2,1
0.883,3,48,11,0,0,1,15,1
0.824,1,5,21,0,0,1,19,1
0.04,3,72,29,0,0,1,23,0
0.911,3,72,15,1,0,1,16,1
0.096,5,5,20,1,0,0,21,1
0.104,5,72,20,0,1,1,0,0
0.332,1,5,1,0,0,1,7,0
0.408,4,72,13,0,0,1,0,0
0.618,5,5,22,0,0,1,9,1
0.301,1,48,24,0,0,0,0,0
0.533,2,72,25,0,0,0,4,0
0.887,3,5,17,0,0,1,18,1
0.537,1,48,6,0,0,1,13,0
0.851,2,24,5,0,0,1,5,1
0.567,1,72,20,0,0,1,3,0
0.581,3,48,4,0,0,1,2,0
0.318,4,48,19,0,0,1,18,0
0.316,4,24,0,0,0,1,20,0
0.84,2,48,28,0,0,0,15,1
0.176,5,5,26,0,0,0,6,1
0.886,1,5,28,1,0,1,18,1
0.769,2,5,17,0,0,1,20,1
0.366,2,48,4,0,0,1,16,0
0.239,5,24,24,0,0,1,18,1
0.968,4,48,1,0,0,1,11,1
0.669,5,48,12,0,0,1,20,1
0.704,5,48,26,0,0,1,12,1
0.365,1,48,12,0,0,1,11,0
0.482,5,5,16,0,0,1,16,1
0.212,2,24,11,0,0,1,13,0
0.72,4,72,15,0,0,0,0,1
0.128,5,24,4,0,1,1,1,0
0.922,5,72,19,0,0,0,23,1
0.283,1,24,14,0,0,1,7,0
0.601,5,24,19,0,0,1,10,1
0.597,1,24,12,0,0,1,16,0
0.827,5,5,5,0,0,1,17,1
0.118,4,24,28,0,0,0,21,1
0.522,3,5,22,0,0,0,12,1
0.805,5,5,13,0,0,1,2,1
0.877,4,48,6,1,0,1,16,1
0.007,2,48,13,0,0,1,8,0
0.536,5,48,19,0,0,0,13,1
0.558,2,48,17,0,0,1,11,0
0.398,2,5,23,0,0,0,3,1
0.401,3,5,5,0,0,0,4,1
0.6,1,5,8,0,0,1,12,0
0.401,5,48,22,0,1,0,5,1
0.439,2,48,6,1,0,1,7,0
0.674,3,24,20,1,0,0,12,1
0.395,5,24,16,1,0,0,17,1
0.83,5,48,11,0,0,1,6,1
0.404,1,48,5,0,0,1,9,0
0.117,5,48,28,0,0,1,14,0
0.563,2,48,30,0,0,0,0,1
0.258,4,24,21,0,0,1,11,1
0.01,3,24,9,1,0,0,2,0
0.178,3,48,6,0,0,0,21,0
0.19,2,24,23,0,0,1,7,0
0.356,1,5,29,1,0,1,0,1
0.541,1,72,11,0,0,0,18,0
0.491,5,48,12,0,0,1,13,1
0.541,5,48,12,0,0,1,3,1
0.46,1,5,21,0,0,1,19,1
0.187,3,24,8,0,0,1,15,0
0.419,3,48,27,0,0,1,18,0
0.814,3,24,17,0,0,1,23,1
0.806,2,72,15,0,0,1,17,0
0.785,3,48,17,0,1,1,5,1
0.814,4,5,14,0,0,1,17,1
0.258,1,72,3,0,0,1,18,0
0.649,2,48,11,0,0,0,14,0
0.381,3,72,20,0,0,1,10,0
0.612,4,5,2,0,0,1,9,1
0.605,4,48,28,0,0,1,18,1
0.45,2,24,27,1,0,1,23,1
0.08,2,72,3,1,0,1,1,0
0.397,1,5,8,0,0,0,12,0
0.247,3,72,20,0,0,1,1,0
0.86,3,72,14,0,0,1,14,1
0.948,5,24,18,0,0,1,18,1
0.64,5,48,29,0,0,0,14,1
0.412,2,48,0,1,0,0,11,0
0.535,4,72,9,1,0,1,7,0
0.548,2,72,28,0,0,1,23,0
0.828,2,48,2,0,0,0,19,0
0.685,3,48,13,0,1,1,3,1
0.618,3,72,6,0,0,0,0,0
0.102,3,24,22,0,1,1,0,0
0.342,3,72,11,0,0,1,4,0
0.776,1,72,5,0,0,0,0,0
0.768,2,72,24,0,0,0,6,0
0.771,5,24,15,0,0,0,5,1
0.042,5,5,8,0,0,1,1,0
0.218,1,24,20,0,1,0,18,0
0.789,1,5,18,0,0,1,11,1
0.249,4,5,21,0,0,0,20,1
0.356,2,5,4,0,0,1,20,0
0.806,4,24,0,0,0,1,1,1
0.438,3,72,6,0,0,1,14,0
0.831,5,24,2,0,0,0,17,1
0.001,5,72,23,0,1,0,19,0
0.721,5,72,6,0,0,1,19,1
0.41,3,5,3,0,1,0,4,1
0.031,1,72,6,1,0,0,21,0
0.624,5,48,1,0,0,1,6,0
0.928,1,72,25,0,0,1,13,0
0.794,1,48,16,1,1,1,6,1
0.097,2,72,6,0,0,1,5,0
0.558,1,48,21,0,0,0,5,0
0.55,5,48,21,0,0,1,11,1
0.55,3,48,13,0,0,1,19,0
0.546,4,48,11,0,0,1,23,1
0.284,1,24,28,0,0,1,10,1
0.822,3,24,3,1,0,1,11,1
0.25,3,48,2,0,0,1,2,0
0.793,2,72,26,0,0,0,3,0
0.3,5,72,2,0,0,1,13,0
0.868,2,5,20,0,0,1,1,1
0.565,3,24,4,1,0,1,14,1
0.575,1,24,13,0,0,1,2,0
0.745,5,72,8,1,0,0,4,1
0.481,2,72,12,0,0,1,23,0
0.242,3,72,10,0,0,1,13,0
0.348,3,48,19,0,0,1,11,0
0.99,4,24,14,1,0,1,11,1
0.728,1,5,23,1,0,0,9,1
0.694,1,48,14,0,0,1,6,0
0.523,3,72,19,0,0,1,0,0
0.906,5,5,8,0,0,0,19,1
0.465,1,5,12,0,0,0,11,0
0.019,4,24,12,0,0,0,15,0
0.532,2,24,16,0,0,1,1,1
0.529,3,72,12,0,1,1,11,0
0.236,5,48,25,1,0,1,0,1
0.949,2,24,10,0,0,1,12,1
0.678,2,72,7,0,0,1,19,0
0.542,2,24,18,0,0,0,9,1
0.899,2,72,29,0,0,0,5,1
0.557,1,24,10,0,0,1,10,0
0.414,4,48,14,0,0,1,23,0
0.779,1,24,5,1,0,1,19,1
0.231,2,24,21,1,1,0,4,1
0.605,3,24,27,0,0,1,7,1
0.765,1,48,30,0,0,0,6,1
0.927,4,72,22,0,0,1,12,1
0.608,4,48,12,0,0,1,16,1
0.704,1,5,14,0,0,0,7,1
0.396,1,72,16,0,0,1,14,0
0.305,3,72,5,0,0,1,16,0
0.464,4,5,23,0,0,1,22,1
0.393,3,72,0,0,0,1,6,0
0.09,3,24,22,0,0,1,20,0
0.524,4,24,12,0,1,1,10,1
0.66,2,24,27,0,0,1,9,1
0.769,4,48,20,0,0,0,0,1
0.253,4,72,27,0,0,1,15,0
0.589,4,72,13,0,0,1,17,0
0.629,2,5,5,0,0,1,1,1
0.838,3,48,29,1,0,0,5,1
0.611,5,24,30,0,0,0,2,1
0.323,4,5,24,0,0,1,4,1
0.859,3,72,16,0,0,1,18,0
0.629,1,72,23,0,0,0,9,0
0.848,3,48,29,0,0,1,20,1
0.808,5,24,22,0,0,1,14,1
0.118,2,72,13,1,0,0,6,0
0.201,3,48,25,1,0,1,0,1
0.333,4,5,26,0,0,1,21,1
0.475,1,24,15,0,0,0,10,0
0.814,1,48,18,0,0,1,6,1
0.332,3,5,4,0,1,0,20,0
0.166,5,72,5,0,0,0,22,0
0.71,3,72,2,0,0,1,9,0
0.302,1,48,25,1,0,1,16,0
0.483,5,24,6,0,0,0,9,1
0.143,1,24,6,0,0,1,16,0
0.311,1,5,10,0,1,1,21,0
0.022,3,24,10,0,0,1,14,0
0.273,2,48,3,1,0,1,6,0
0.549,3,24,30,0,0,1,2,1
0.892,5,72,1,0,0,1,3,1
0.086,4,24,22,0,0,0,22,0
0.356,3,24,22,0,0,1,14,1
0.093,4,5,14,0,0,0,15,1
0.224,5,48,29,0,0,0,10,0
0.882,4,72,0,1,0,1,5,1
0.349,5,24,16,1,0,0,10,1
0.071,3,72,12,0,0,1,5,0
0.384,3,24,26,0,0,0,18,1
0.545,2,24,21,0,0,1,15,1
0.596,3,5,26,0,0,1,19,1
0.814,4,48,15,0,1,1,4,1
0.903,1,24,21,0,0,1,18,1
0.206,3,48,18,0,0,0,13,0
0.915,1,5,19,0,0,1,9,1
0.901,1,5,22,0,0,1,9,1
0.235,5,72,20,0,0,1,17,0
0.173,2,24,17,0,0,0,4,0
0.873,2,24,0,1,1,1,15,1
0.975,2,5,4,0,0,1,22,1
0.426,2,72,16,0,0,1,7,0
0.605,5,72,27,0,0,1,17,1
0.033,1,72,22,0,0,0,2,0
0.731,3,72,16,1,0,1,15,1
0.664,1,48,19,1,0,0,15,1
0.906,5,48,13,0,0,1,5,1
0.923,3,48,1,0,0,1,21,0
0.809,5,5,9,0,0,1,8,1
0.616,3,48,0,0,0,0,23,0
0.447,2,48,25,0,0,0,1,0
0.084,2,24,26,0,0,0,7,0
0.726,2,24,18,0,0,1,3,1
0.464,4,48,15,0,0,1,12,0
0.39,3,24,16,0,1,0,14,1
0.316,5,5,3,0,0,0,13,1
0.652,3,48,8,0,0,1,12,0
0.675,2,24,16,0,0,1,17,1
0.008,1,5,13,1,0,1,7,0
0.252,1,5,19,1,0,1,6,0
0.638,1,5,27,0,0,0,20,1
0.967,1,24,8,0,0,1,14,1
0.276,4,48,8,0,1,0,12,0
0.996,3,48,5,0,0,0,19,1
0.645,1,24,17,0,0,1,14,1
0.103,1,5,18,0,0,1,15,0
0.64,1,72,8,0,0,1,0,0
0.94,4,72,13,0,0,0,2,1
0.003,4,5,18,0,0,1,9,1
0.632,1,48,17,0,0,0,9,0
0.177,1,72,21,0,0,0,20,0
0.487,4,24,4,1,1,0,7,1
0.063,5,48,15,0,0,1,0,0
0.056,1,72,3,0,0,1,21,0
0.537,5,24,29,1,0,1,0,1
0.918,1,24,22,0,1,1,9,1
0.097,5,24,26,0,0,1,15,1
0.616,1,24,13,0,0,1,12,1
0.976,5,24,10,0,0,0,18,1
0.063,3,24,24,0,0,1,14,0
0.582,2,5,25,0,0,0,0,1
0.081,1,24,29,1,0,0,13,0
0.792,4,24,6,0,0,1,7,1
0.611,1,24,22,0,0,1,9,1
0.005,2,24,3,0,0,1,17,0
0.464,2,48,1,0,0,1,15,0
0.16,1,5,20,0,0,1,19,0
0.758,1,5,23,1,0,1,0,1
0.116,2,72,18,0,0,1,10,0
0.11,2,5,7,0,0,1,7,0
0.585,1,72,4,0,0,1,11,0
0.72,3,48,6,0,1,1,8,1
0.852,4,72,5,0,0,1,5,0
0.638,5,24,18,0,0,1,16,1
0.996,5,72,26,0,1,1,7,1
0.434,2,24,29,0,1,0,1,0
0.733,5,5,13,0,0,0,3,1
0.241,5,5,22,0,0,1,9,1
0.999,1,72,21,0,0,0,23,1
0.976,4,24,27,0,0,0,20,1
0.633,1,72,28,0,0,1,8,0
0.613,5,24,25,0,0,1,1,1
0.91,3,5,3,0,0,1,11,1
0.559,1,24,4,0,0,1,15,0
0.752,2,24,10,0,0,1,8,1
0.373,4,72,16,0,0,1,21,0
0.899,4,48,25,0,0,0,2,1
0.884,1,5,12,0,0,0,3,1
0.112,2,72,4,0,0,1,9,0
0.682,2,72,11,0,0,1,6,0
0.872,2,48,13,0,0,0,15,1
0.697,5,72,14,0,0,0,5,0
0.227,3,48,24,0,0,1,5,0
0.161,5,48,5,0,0,1,21,0
0.161,1,5,10,0,0,1,6,0
0.035,3,48,4,0,0,1,9,0
0.025,4,24,30,0,0,1,23,0
0.507,3,72,28,0,0,0,18,0
0.8,4,48,22,1,0,1,21,1
0.308,4,24,14,0,0,1,6,1
0.222,3,24,0,1,0,1,2,0
0.394,4,48,19,0,0,0,11,1
0.716,4,48,12,0,0,1,14,1
0.088,4,72,25,0,0,1,13,0
0.414,5,5,4,0,0,0,10,1
0.96,4,5,0,0,0,1,17,1
0.568,2,24,5,0,0,1,9,0
0.304,5,72,7,1,1,1,20,0
0.473,3,72,5,0,0,1,3,0
0.493,1,48,18,0,0,1,21,0
0.694,1,48,16,0,1,1,18,1
0.32,2,48,5,1,0,1,11,0
0.292,1,24,24,0,0,1,5,0
0.872,3,48,21,0,0,1,11,1
0.013,5,48,11,0,0,0,5,0
0.155,2,24,25,0,0,0,16,0
0.713,1,72,14,0,0,1,0,0
0.312,3,24,26,0,0,1,10,1
0.305,1,24,4,0,0,1,4,0
0.981,4,5,2,1,0,1,6,1
0.793,5,5,15,1,0,1,21,1
0.097,1,24,18,0,0,1,2,0
0.746,3,48,11,0,0,1,7,1
0.068,5,5,16,0,0,1,17,1
0.725,2,72,11,0,0,1,3,0
0.355,4,72,6,0,0,0,10,0
0.11,2,72,24,0,0,1,2,0
0.116,3,72,19,0,0,0,7,0
0.291,4,24,27,1,0,1,21,1
0.013,4,5,12,0,0,1,4,0
0.695,1,24,2,0,0,1,12,0
0.838,4,48,24,0,0,1,20,1
0.356,5,72,15,0,0,1,3,0
0.497,2,5,3,0,0,1,0,0
0.383,3,24,9,0,0,1,16,0
0.793,2,48,21,0,0,1,17,1
0.953,1,72,28,0,0,1,12,1
0.036,2,48,28,0,0,1,22,0
0.764,5,72,21,0,0,1,17,1
0.507,4,48,15,0,0,1,9,1
0.028,1,24,26,0,0,1,20,0
0.097,3,48,13,0,0,1,20,0
0.085,1,48,3,0,1,1,14,0
0.422,5,72,8,1,0,1,10,0
0.39,5,5,25,0,0,1,15,1
0.765,3,24,19,0,0,1,20,1
0.787,5,24,9,0,0,1,7,1
0.958,5,5,18,0,1,0,15,1
0.347,1,48,16,0,0,1,6,0
0.251,5,72,21,0,0,1,22,0
0.187,4,24,21,0,0,1,20,1
0.614,4,5,16,0,0,1,23,1
0.3,4,72,10,0,0,1,13,0
0.287,2,48,21,0,0,1,6,0
0.797,3,72,15,0,0,1,1,1
0.273,1,48,25,0,0,1,1,0
0.486,1,5,27,0,0,1,2,1
0.407,3,5,12,0,0,1,3,1
0.5,1,48,15,0,0,1,10,0
0.584,4,24,29,0,0,1,8,1
0.254,5,5,15,0,0,1,17,1
0.683,3,24,11,0,0,1,20,1
0.606,1,24,8,0,0,0,11,0
0.685,5,24,27,0,1,0,8,1
0.936,2,48,6,0,0,1,10,0
0.767,4,5,8,0,0,0,15,1
0.926,3,72,28,0,0,1,8,1
0.352,5,48,14,0,0,1,5,0
0.791,2,5,12,0,0,1,3,1
0.516,2,72,25,0,0,0,4,0
0.687,3,48,6,1,0,1,12,0
0.884,2,5,30,1,0,1,7,1
0.974,2,48,22,0,1,1,19,1
0.089,3,24,30,0,1,1,14,0
0.494,2,24,6,0,0,1,23,0
0.13,2,24,26,0,0,1,13,0
0.029,3,24,19,0,0,1,20,0
0.01,2,48,22,0,0,1,13,0
0.256,1,5,1,0,0,0,19,0
0.967,5,5,0,0,0,1,12,1
0.132,5,5,18,0,0,1,10,1
0.132,3,72,4,0,0,0,15,0
0.835,3,72,9,0,0,0,8,0
0.436,2,48,23,0,0,1,21,0
0.44,2,24,1,0,1,1,22,0
0.116,4,5,14,0,0,1,15,1
0.72,2,5,11,1,0,1,5,1
0.823,5,24,18,0,1,0,5,1
0.077,4,5,28,0,0,0,3,1
0.59,1,48,4,1,0,1,15,0
0.955,5,5,10,0,0,0,10,1
1.0,5,24,6,0,0,1,1,1
0.547,5,72,2,0,0,0,12,0
0.852,2,72,24,0,0,0,4,1
0.491,4,48,28,0,0,1,11,1
0.49,4,72,8,0,0,0,11,0
0.434,4,5,1,0,0,1,20,1
0.155,4,5,9,0,1,0,9,1
0.128,3,24,16,0,0,1,1,0
0.511,4,5,14,0,0,1,8,1
0.769,1,5,23,0,0,1,12,1
0.416,3,48,18,0,0,1,8,0
0.918,2,24,5,1,0,1,21,1
0.534,1,72,3,1,0,1,12,0
0.966,5,72,9,0,0,1,21,1
0.675,3,5,4,0,0,0,22,1
0.859,2,72,20,0,0,0,17,1
0.301,4,24,15,0,0,0,23,1
0.964,4,5,27,0,0,1,12,1
0.008,4,72,27,0,0,1,9,0
0.4,5,72,7,0,0,1,10,0
0.268,4,72,3,0,0,1,22,0
0.161,2,72,11,0,0,1,21,0
0.602,4,24,28,0,0,0,21,1
0.36,4,24,19,0,0,1,15,1
0.199,5,72,3,0,0,1,7,0
0.047,1,48,28,0,0,1,16,0
0.064,4,5,19,0,0,1,10,1
0.769,5,48,28,0,0,1,21,1
0.05,4,72,30,0,0,1,19,0
0.858,1,5,16,1,0,0,11,1
0.292,4,72,23,0,0,1,4,0
0.202,4,5,7,0,0,1,5,1
0.372,4,48,20,0,0,0,13,0
0.138,4,72,29,0,0,0,21,0
0.03,2,5,22,0,0,1,10,0
0.772,4,5,12,0,0,1,18,1
0.632,5,48,13,0,0,1,9,1
0.314,3,5,26,0,0,0,22,1
0.644,5,72,22,0,0,1,6,1
0.084,5,48,12,0,0,1,17,0
0.093,5,48,16,0,0,1,17,0
0.241,3,72,16,1,1,1,20,0
0.124,1,72,9,0,1,1,7,0
0.989,5,24,11,0,0,0,18,1
0.714,5,24,3,0,0,0,11,1
0.147,4,72,2,1,0,1,6,0
0.369,5,72,18,0,0,0,18,0
0.423,4,72,23,0,0,1,4,0
0.458,5,5,22,0,0,1,17,1
0.952,5,72,3,0,0,1,4,1
0.305,3,48,9,0,0,1,18,0
0.937,3,48,6,0,0,1,17,1
0.87,4,72,18,0,0,1,12,1
0.72,5,24,24,0,0,0,21,1
0.866,3,5,25,0,0,1,12,1
0.046,4,48,20,1,0,1,20,0
0.707,5,5,20,0,0,1,18,1
0.957,5,24,24,0,0,1,17,1
0.019,2,24,26,0,0,1,17,0
0.402,1,72,27,0,0,1,0,0
0.317,3,5,3,0,0,1,5,1
0.09,3,72,21,0,0,1,0,0
0.298,1,48,4,0,0,1,3,0
0.24,5,24,15,0,0,0,8,1
0.465,4,5,15,1,0,0,0,1
0.963,1,24,24,0,0,1,13,1
0.846,5,24,25,0,0,0,7,1
0.424,5,72,1,1,0,0,9,0
0.167,1,72,8,0,0,1,11,0
0.213,5,48,1,0,0,1,2,0
0.123,2,48,28,0,0,0,10,0
0.945,3,72,8,0,0,1,14,0
0.328,2,5,19,0,0,1,13,1
0.696,4,72,17,1,0,1,17,1
0.832,4,5,11,0,0,1,12,1
0.768,1,5,14,0,0,1,23,1
0.281,3,24,2,0,0,0,7,0
0.494,3,5,8,0,0,1,0,1
0.821,4,5,27,0,0,1,6,1
0.566,5,24,2,0,0,1,18,1
0.881,3,24,27,0,0,1,17,1
0.681,4,5,30,0,0,1,10,1
0.995,3,5,21,0,0,1,1,1
0.225,3,72,17,0,1,1,2,0
0.808,2,72,30,1,0,1,9,1
0.625,1,72,13,0,0,1,10,0
0.247,4,24,30,0,1,1,7,1
0.776,5,72,24,1,0,1,1,1
0.377,1,24,1,0,0,1,20,0
0.102,1,5,9,0,0,1,13,0
0.6,5,5,14,0,0,0,19,1
0.651,1,72,16,0,0,1,19,0
0.593,2,24,20,0,0,1,19,1
0.243,1,5,4,0,0,0,11,0
0.885,2,24,15,0,0,1,0,1
0.658,2,5,7,0,0,0,13,1
0.977,2,5,10,0,0,1,14,1
0.331,5,48,19,0,0,1,1,1
0.92,2,24,14,0,0,1,10,1
0.376,4,24,26,0,0,1,0,1
0.142,4,24,20,0,0,1,0,1
0.284,2,48,23,0,0,1,6,0
0.843,1,5,26,0,0,0,3,1
0.21,4,24,11,0,0,0,19,0
0.878,1,5,4,0,0,1,17,1
0.374,5,72,20,0,1,1,6,0
0.294,2,48,7,1,0,0,16,0
0.886,2,5,25,0,0,1,16,1
0.882,5,48,15,0,0,1,16,1
0.716,4,72,8,0,0,0,20,1
0.22,2,72,27,0,0,1,12,0
0.935,3,48,17,1,0,1,16,1
0.584,4,48,13,0,0,1,15,1
0.382,2,72,7,0,1,0,9,0
0.513,1,48,29,0,0,1,17,0
0.197,3,48,9,0,0,0,6,0
0.998,5,48,0,0,0,1,12,1
0.822,1,72,20,0,0,1,12,0
0.723,2,72,7,0,0,0,23,0
0.341,1,48,27,0,0,1,6,0
0.853,1,48,4,0,0,0,0,0
0.659,3,48,7,0,0,1,22,0
0.326,1,5,29,0,0,0,18,1
0.603,5,72,12,0,0,1,6,0
0.329,4,48,2,0,0,1,22,0
0.027,2,5,29,0,0,1,21,0
0.455,3,5,5,0,0,1,3,1
0.418,1,72,30,0,0,0,9,0
0.71,4,24,19,0,0,1,22,1
0.275,1,24,14,1,0,0,16,0
0.569,4,72,14,0,0,1,14,0
0.843,3,72,19,0,0,1,5,0
0.733,4,72,29,0,0,1,22,1
0.24,2,48,28,0,0,0,22,0
0.902,4,72,24,0,0,1,3,1
0.78,4,72,5,0,0,1,2,0
0.676,4,72,10,0,0,1,0,0
0.709,2,48,21,0,0,1,17,1
0.714,4,24,15,0,0,1,0,1
0.177,1,72,5,1,0,1,4,0
0.178,1,24,14,0,0,0,20,0
0.66,1,72,22,0,1,1,12,0
0.929,3,24,6,1,0,0,10,1
0.68,1,24,30,0,0,0,5,1
0.044,5,5,26,0,0,1,6,1
0.395,4,5,7,0,0,1,12,1
0.012,2,72,7,1,0,1,11,0
0.885,4,48,24,0,0,1,17,1
0.922,5,24,8,0,0,0,22,1
0.925,2,48,5,0,0,1,21,1
0.335,5,72,12,0,0,1,22,0
0.233,5,5,9,0,0,1,2,1
0.375,3,24,4,0,0,1,23,0
0.946,3,24,8,0,0,1,13,1
0.288,1,24,27,0,0,1,1,0
0.665,2,24,19,0,0,1,20,1
0.87,1,24,1,0,0,1,2,1
0.549,2,24,16,1,0,1,23,1
0.424,5,24,9,0,0,1,8,1
0.481,3,72,12,0,0,1,23,0
0.156,4,5,24,0,0,0,9,1
0.153,2,48,12,0,0,1,19,0
0.333,4,24,4,0,1,0,23,0
0.491,4,72,23,0,0,1,18,1
0.885,1,72,29,0,0,1,8,0
0.752,3,72,20,0,0,1,13,0
0.242,1,48,20,0,1,1,4,0
0.455,2,48,7,0,0,0,0,0
0.092,4,72,22,0,0,1,6,0
0.166,4,48,22,0,0,1,12,0
0.734,1,5,20,0,0,0,8,1
0.93,4,48,0,0,0,1,2,1
0.418,4,48,23,0,0,1,4,1
0.182,1,72,18,0,0,1,5,0
0.192,4,72,20,0,0,1,2,0
0.378,3,5,10,1,0,1,3,1
0.266,1,5,3,0,0,1,16,0
0.761,4,72,24,0,0,1,10,1
0.817,3,72,12,0,0,0,3,1
0.871,4,24,0,0,0,1,22,1
0.249,4,72,16,0,0,0,10,0
0.36,1,48,21,0,0,1,19,0
0.348,4,5,23,0,0,1,16,1
0.785,5,5,4,0,0,0,17,1
0.467,4,5,15,0,0,1,21,1
0.105,1,24,29,0,0,0,7,0
0.666,1,24,29,0,0,1,22,1
0.224,5,5,20,0,0,1,23,1
0.642,5,72,25,0,0,1,3,1
0.741,2,5,18,0,0,0,18,1
0.311,5,24,27,0,0,0,21,1
0.126,5,24,3,0,0,1,4,0
0.297,2,72,21,0,0,1,21,0
0.828,1,48,9,0,0,1,22,0
0.631,2,72,9,0,0,0,10,0
0.717,2,5,29,0,0,1,12,1
0.815,2,5,17,0,0,1,11,1
0.391,5,48,9,0,0,0,12,1
0.323,5,5,27,0,0,1,18,1
0.696,3,24,6,0,0,1,0,1
0.856,1,24,12,0,0,0,1,1
0.974,2,5,3,0,0,1,4,1
0.404,1,5,7,0,0,1,5,0
0.375,1,72,27,0,0,1,14,0
0.12,1,5,15,0,0,1,18,0
0.573,3,5,25,0,0,0,22,1
0.571,1,48,2,0,0,1,12,0
0.02,5,72,2,0,0,1,20,0
0.753,1,24,27,0,0,1,10,1
0.129,2,24,2,0,0,1,3,0
0.364,5,24,13,0,0,1,1,1
0.519,3,72,4,0,0,1,11,0
0.511,1,5,7,1,0,0,6,0
0.602,2,48,8,0,0,1,8,0
0.65,2,72,14,1,0,1,22,0
0.204,3,24,22,0,0,0,19,1
0.822,3,72,12,1,0,1,3,1
0.684,4,5,10,0,0,1,8,1
0.798,3,5,3,0,0,1,3,1
0.124,5,48,18,0,0,1,22,0
0.282,3,5,28,1,0,0,5,1
0.741,5,72,15,0,0,1,22,1
0.126,4,48,1,0,0,1,7,0
0.418,4,24,14,0,0,1,8,1
0.521,2,48,20,0,0,1,10,0
0.635,1,24,30,1,0,1,9,1
0.493,1,72,21,0,0,1,16,0
0.677,5,5,12,1,0,0,0,1
0.703,3,24,23,0,0,0,16,1
0.042,4,24,21,0,0,0,5,1
0.839,5,48,30,1,0,1,3,1
0.679,5,5,9,0,0,1,23,1
0.394,3,5,29,0,0,1,11,1
0.46,3,48,3,1,0,1,11,0
0.431,2,5,16,0,0,1,15,1
0.769,3,24,15,0,0,1,5,1
0.269,4,72,5,0,0,1,22,0
0.19,1,24,12,0,0,1,21,0
0.479,3,5,13,0,0,1,4,1
0.764,4,72,4,1,0,1,4,1
0.014,2,5,21,0,0,1,0,0
0.289,4,5,24,0,0,1,5,1
0.767,3,24,21,0,0,1,3,1
0.502,2,24,27,0,0,1,4,1
0.274,2,24,13,1,0,0,12,0
0.306,2,24,10,0,1,1,1,0
0.269,3,48,22,0,0,1,1,0
0.66,3,24,9,0,0,1,5,1
0.491,3,48,3,1,1,1,4,0
0.741,3,48,7,0,0,1,3,1
0.743,1,5,18,0,0,0,6,1
0.926,1,48,9,0,0,1,23,1
0.128,4,48,28,0,0,0,11,0
0.448,1,72,2,0,0,0,0,0
0.274,2,48,1,0,1,0,6,0
0.397,5,5,5,0,0,1,12,1
0.271,2,5,5,0,0,1,16,0
0.708,5,48,9,0,0,1,3,1
0.046,2,48,1,0,0,1,4,0
0.791,2,24,17,1,0,1,11,1
0.946,5,48,23,0,0,1,1,1
0.01,3,24,23,0,0,0,17,0
0.868,5,5,23,0,0,1,20,1
0.551,4,24,10,0,0,0,12,1
0.232,4,48,4,0,0,1,5,0
0.176,5,72,30,0,0,1,5,0
0.817,5,24,2,0,0,1,20,1
0.1,5,24,23,0,1,1,12,1
0.827,1,24,7,0,0,0,19,1
0.966,1,48,27,0,0,1,18,1
0.815,3,48,15,0,1,1,20,1
0.021,1,5,17,0,0,0,4,0
0.224,2,72,12,0,0,1,21,0
0.884,1,72,5,0,0,0,9,0
0.616,1,48,29,0,0,1,4,1
0.53,5,24,21,0,0,1,19,1
0.348,1,48,29,0,0,1,22,0
0.789,2,24,10,0,0,0,15,1
0.113,4,48,4,1,0,1,12,0
0.494,4,72,19,0,0,0,20,0
0.383,5,72,17,0,0,0,12,0
0.715,5,24,22,1,0,1,0,1
0.474,2,5,1,0,0,0,4,1
0.144,5,72,7,0,0,1,3,0
0.704,4,5,22,0,0,1,21,1
0.477,5,24,0,0,0,1,0,1
0.814,2,24,15,0,0,1,9,1
0.723,4,5,9,1,1,1,19,1
0.503,1,72,26,0,0,1,22,0
0.919,5,48,22,0,0,1,2,1
0.978,2,24,12,0,0,1,23,1
0.605,1,72,15,0,0,0,5,0
0.371,4,24,8,1,1,1,10,1
0.282,5,5,2,0,1,0,6,1
0.638,1,24,8,1,0,1,15,1
0.315,3,5,11,0,0,1,10,1
0.726,2,5,10,0,0,1,4,1
0.796,4,5,9,0,0,1,20,1
0.718,2,24,24,0,0,1,23,1
0.523,3,72,25,0,0,1,13,0
0.713,4,24,6,0,0,0,18,1
0.498,1,24,24,0,0,0,2,1
0.455,2,48,5,1,0,1,2,0
0.772,3,72,8,0,0,0,3,0
0.488,3,48,12,0,0,1,14,0
0.845,3,48,2,0,0,1,21,1
0.977,1,24,22,0,1,0,9,1
0.57,1,24,12,0,0,1,14,0
0.9,4,5,2,0,0,0,12,1
0.199,3,5,10,0,0,1,23,0
0.278,1,24,30,0,0,1,1,0
0.774,1,48,25,0,0,1,0,0
0.684,3,48,20,0,0,1,2,1
0.712,4,24,21,0,0,1,13,1
0.753,2,24,11,0,0,1,5,1
0.437,5,72,26,1,0,1,2,1
0.578,2,48,21,0,0,1,23,0
0.014,4,24,15,0,0,0,13,0
0.722,4,24,20,0,0,1,6,1
0.188,5,24,19,0,0,0,21,1
0.014,3,5,9,0,0,0,22,0
0.999,4,72,11,0,0,1,10,1
0.176,4,48,5,0,0,1,9,0
0.689,4,48,22,0,0,0,2,1
0.104,1,72,3,0,0,0,3,0
0.503,1,48,27,0,0,1,12,0
0.856,1,48,30,0,0,0,20,1
0.741,1,48,25,0,0,0,8,1
0.903,4,24,0,0,0,1,4,1
0.841,5,48,10,0,0,1,17,1
0.193,4,5,25,0,0,0,12,1
0.174,3,24,13,0,0,1,3,0
0.784,3,24,30,0,0,1,0,1
0.593,1,5,18,0,0,1,14,1
0.778,2,24,20,0,0,1,7,1
0.807,4,48,21,1,0,1,0,1
0.579,1,5,14,0,0,1,8,1
0.093,4,48,29,0,0,1,0,0
0.487,1,24,21,0,0,1,14,0
0.18,1,24,21,0,0,1,10,0
0.484,5,5,5,0,0,1,19,1
0.023,5,24,6,0,0,1,10,0
0.083,2,48,8,0,0,1,17,0
0.467,4,72,16,0,0,1,6,0
0.887,3,72,3,0,0,1,6,0
0.488,4,72,19,0,0,1,19,0
0.2,3,48,28,0,1,1,1,0
0.253,4,48,19,0,0,0,11,0
0.115,3,72,25,0,0,1,11,0
0.78,1,5,10,0,0,1,18,1
0.899,5,5,12,0,0,1,17,1
0.608,1,72,21,0,0,1,6,0
0.494,1,48,13,1,0,1,18,0
0.576,3,5,20,0,0,1,14,1
0.842,4,5,28,0,0,1,0,1
0.095,4,48,8,0,0,1,10,0
0.047,3,72,15,0,0,1,11,0
0.103,2,5,26,1,0,1,22,1
0.226,1,24,23,0,0,0,0,0
0.868,3,5,3,1,0,1,22,1
0.812,3,24,29,0,0,1,4,1
0.888,4,72,21,0,0,1,21,1
0.281,4,24,2,0,0,1,17,0
0.242,2,5,2,0,1,1,6,0
0.385,4,5,10,0,0,1,10,1
0.312,4,24,27,0,0,1,11,1
0.452,5,24,24,0,1,1,21,1
0.87,1,24,14,0,0,1,14,1
0.029,5,72,11,0,0,1,13,0
0.397,4,48,1,0,0,1,12,0
0.423,3,24,12,0,0,1,16,1
0.681,2,5,7,1,0,1,7,1
0.101,2,72,12,0,0,0,22,0
0.206,2,48,20,0,0,1,3,0
0.908,5,72,23,0,0,1,10,1
0.167,3,72,4,0,0,1,0,0
0.264,1,24,21,0,1,1,15,0
0.488,2,72,3,1,1,1,9,0
0.525,2,24,24,1,0,1,14,1
0.351,5,48,21,0,0,1,11,1
0.334,5,72,3,0,0,1,4,0
0.856,2,48,15,1,0,1,13,1
0.744,2,72,20,1,0,1,17,0
0.449,5,24,8,0,0,1,18,1
0.994,3,24,1,0,0,0,3,1
0.455,3,48,3,0,0,1,14,0
0.523,3,24,9,0,1,1,14,1
0.283,5,5,1,0,1,1,0,1
0.138,3,24,30,1,0,0,6,1
0.918,3,24,1,0,0,0,20,1
0.399,1,48,29,0,0,1,21,0
0.804,2,24,8,0,0,1,2,1
0.927,4,24,12,0,0,1,16,1
0.313,3,72,11,0,0,1,0,0
0.026,4,5,24,0,0,0,18,1
0.127,5,48,1,0,0,1,0,0
0.763,5,72,26,1,1,0,20,1
0.594,3,72,22,0,1,1,21,0
0.717,2,24,17,0,0,1,21,1
0.155,3,5,25,0,0,1,0,1
0.88,5,5,7,0,0,0,14,1
0.926,3,72,15,0,0,0,17,1
0.613,4,5,13,0,1,1,23,1
0.171,5,24,15,0,0,1,18,1
0.668,4,72,22,0,0,0,4,1
0.457,5,72,0,0,1,1,21,0
0.043,3,24,14,0,0,1,5,0
0.856,5,24,11,0,0,1,5,1
0.352,5,48,14,0,0,1,21,1
0.394,4,72,30,0,0,1,16,0
0.525,2,48,18,0,0,1,12,0
0.03,2,24,3,0,0,1,10,0
0.981,2,5,28,0,0,1,13,1
0.062,3,5,1,0,1,0,19,0
0.029,2,48,3,0,0,0,18,0
0.196,4,72,21,0,0,1,16,0
0.192,5,5,20,0,0,1,4,1
0.36,4,5,10,0,0,0,20,1
0.19,2,72,16,0,0,1,4,0
0.439,4,5,18,1,0,1,3,1
0.051,5,48,0,0,0,0,8,0
0.358,2,48,2,0,0,1,19,0
0.399,1,5,18,0,0,1,0,1
0.421,2,48,28,0,0,1,23,0
0.757,1,24,15,1,0,0,22,1
0.807,3,5,30,0,0,0,17,1
0.129,1,5,1,0,0,1,15,0
0.85,2,5,29,1,0,0,17,1
0.379,1,72,1,0,0,1,22,0
0.138,4,5,28,0,0,1,10,1
0.058,2,5,18,1,0,0,17,0
0.991,1,24,26,1,1,1,9,1
0.35,2,48,4,0,0,1,2,0
0.938,2,72,22,0,0,0,7,1
0.303,3,48,27,0,0,1,22,0
0.104,3,72,22,0,0,1,4,0
0.521,3,24,3,0,0,1,7,0
0.65,4,5,0,0,1,1,12,1
0.965,1,48,27,0,0,0,12,1
0.224,4,24,21,0,1,1,17,1
0.937,5,48,29,0,0,0,6,1
0.341,5,72,27,0,0,1,1,0
0.553,3,72,13,0,0,1,5,0
0.467,2,24,29,1,0,0,2,1
0.771,3,48,18,0,0,1,21,1
0.653,5,5,3,0,0,0,5,1
0.017,1,72,1,0,0,0,6,0
0.58,1,48,28,0,0,1,5,1
0.787,3,72,4,0,0,0,20,0
0.114,1,24,21,0,0,1,17,0
0.061,3,48,0,0,0,1,22,0
0.235,1,5,16,0,0,1,10,0
0.829,4,5,20,0,0,1,19,1
0.335,4,48,15,0,0,1,11,0
0.93,5,5,3,0,0,1,23,1
0.581,3,24,12,0,1,1,12,1
0.649,1,24,18,0,0,1,13,1
0.121,5,5,19,0,0,1,8,1
0.575,2,48,7,0,0,1,10,0
0.115,2,72,23,0,0,1,17,0
0.915,4,24,14,0,0,0,4,1
0.245,4,24,19,0,0,1,2,1
0.505,2,72,20,0,0,1,14,0
0.121,3,72,23,1,0,0,0,0
0.99,2,72,28,0,0,1,7,1
0.119,3,5,23,1,0,1,14,1
0.631,4,48,24,0,0,1,18,1
0.937,1,24,28,1,0,1,14,1
0.439,5,48,30,0,0,1,1,1
0.897,5,72,9,0,0,1,4,1
0.945,2,72,16,0,0,1,11,1
0.119,3,72,14,0,0,0,8,0
0.753,2,48,4,1,0,1,5,1
0.903,5,24,0,0,0,1,9,1
0.571,4,24,26,0,0,1,3,1
0.432,3,5,27,0,0,1,11,1
0.744,2,5,10,0,0,1,23,1
0.777,3,5,13,1,0,1,6,1
0.661,1,5,7,0,0,0,21,1
0.47,4,24,23,0,0,1,2,1
0.857,2,5,13,1,0,1,5,1
0.688,5,72,20,0,0,1,21,1
0.878,2,48,21,0,0,1,11,1
0.295,2,5,30,0,0,1,14,1
0.662,1,24,14,0,0,1,12,1
0.774,4,72,19,0,0,1,16,1
0.851,4,5,17,0,0,1,12,1
0.425,3,5,8,0,0,1,1,1
0.41,5,24,17,0,0,0,19,1
0.129,5,5,30,0,0,1,22,1
0.353,5,5,20,1,0,1,5,1
0.396,2,48,25,0,0,1,17,0
0.94,1,5,24,0,0,1,15,1
0.283,1,24,20,0,0,1,3,0
0.378,4,24,26,0,0,1,2,1
0.703,4,5,0,0,0,0,3,1
0.793,2,48,25,0,0,1,8,1
0.1,5,72,12,0,0,0,17,0
0.284,5,24,12,1,0,1,11,1
0.715,4,24,18,0,0,1,11,1
0.109,3,48,4,0,0,1,5,0
0.942,5,24,2,0,0,1,23,1
0.761,1,72,8,0,0,0,1,0
0.565,4,5,8,0,0,0,17,1
0.959,2,48,14,0,0,0,23,1
0.105,1,72,4,0,0,1,5,0
0.87,1,5,28,0,0,0,15,1
0.874,4,72,0,0,0,1,21,0
0.322,3,24,4,0,0,0,22,0
0.605,4,72,6,0,0,1,4,0
0.715,4,5,10,0,0,1,0,1
0.188,1,72,10,1,0,1,2,0
0.559,2,48,20,1,0,1,13,1
0.306,5,72,29,0,0,1,2,0
0.103,2,48,5,0,0,0,18,0
0.383,5,48,30,0,0,1,15,1
0.003,2,24,2,0,0,1,15,0
0.323,1,24,16,0,0,1,9,0
0.117,5,72,12,0,0,1,16,0
0.078,5,24,30,0,0,1,4,1
0.56,4,48,21,0,0,1,5,1
0.366,4,48,23,0,0,0,6,1
0.179,1,24,14,0,0,1,10,0
0.369,3,5,19,0,0,1,12,1
0.695,3,48,20,1,0,1,22,1
0.997,4,72,5,0,0,0,3,1
0.029,2,24,27,0,0,0,3,0
0.637,1,48,3,0,0,0,20,0
0.017,3,24,28,0,0,1,0,0
0.403,1,5,6,0,0,1,2,0
0.045,5,24,22,0,0,1,0,1
0.561,1,48,14,0,0,1,14,0
0.918,2,5,5,0,0,1,5,1
0.218,3,72,2,0,0,1,21,0
0.901,2,24,9,1,0,1,4,1
0.414,2,48,28,0,0,1,14,0
0.49,5,48,11,0,0,0,21,0
0.037,5,72,4,0,0,1,11,0
0.682,3,24,10,0,0,0,8,1
0.773,3,24,14,0,0,1,20,1
0.14,5,48,11,0,0,0,10,0
0.629,1,24,13,0,0,0,5,0
0.306,4,24,24,1,0,1,18,1
0.731,4,24,8,0,0,1,12,1
0.971,2,5,13,0,0,1,18,1
0.512,3,24,30,0,0,1,10,1
0.054,1,48,25,0,0,1,5,0
0.659,2,24,9,0,0,0,13,1
0.245,5,48,0,0,0,1,21,0
0.212,4,72,26,0,0,0,12,0
0.763,2,72,24,0,0,1,13,0
0.534,3,72,21,0,0,1,19,0
0.235,3,48,16,0,0,0,2,0
0.138,2,5,6,0,0,1,5,0
0.285,4,72,1,0,0,1,12,0
0.834,4,5,11,0,0,0,0,1
0.129,5,72,21,0,0,0,12,0
0.055,4,48,23,0,0,0,14,0
0.781,3,48,3,0,0,1,12,0
0.08,1,48,30,0,0,1,19,0
0.455,1,72,9,1,0,1,1,0
0.686,3,72,10,0,0,1,8,0
0.357,1,72,10,0,1,1,23,0
0.739,2,24,2,0,0,1,15,1
0.275,4,24,29,0,0,1,16,1
0.041,3,48,1,0,0,1,3,0
0.98,1,48,29,0,0,1,5,1
0.257,1,72,30,1,0,1,9,0
0.539,2,5,11,0,0,0,8,1
0.778,3,5,19,0,0,1,0,1
0.019,4,24,8,0,0,0,10,0
0.225,3,24,2,0,0,1,14,0
0.635,3,72,15,0,1,1,11,0
0.152,4,24,17,0,0,1,1,0
0.571,1,72,17,0,0,1,16,0
0.292,3,72,21,0,0,1,19,0
0.432,1,48,17,0,0,1,17,0
0.607,1,5,12,0,0,1,5,1
0.767,4,72,11,0,0,1,10,0
0.63,3,72,7,0,0,1,14,0
0.873,4,48,0,0,0,1,5,1
0.098,5,72,13,0,0,1,4,0
0.503,1,72,30,1,0,1,20,0
0.091,3,5,23,0,0,1,16,0
0.85,2,72,11,0,0,1,22,0
0.323,3,5,28,1,0,1,21,1
0.99,2,72,16,0,0,0,5,1
0.722,1,5,23,1,0,0,15,1
0.07,4,48,28,0,0,0,20,0
0.715,4,72,26,0,0,1,23,1
0.363,5,72,13,0,0,0,18,0
0.112,2,48,13,0,0,1,15,0
0.097,1,72,28,0,0,0,10,0
0.445,4,48,18,0,1,1,16,1
0.221,3,48,22,0,0,1,20,0
0.713,3,24,23,0,0,1,12,1
0.228,2,48,4,0,0,1,23,0
0.517,4,24,11,0,0,1,16,1
0.865,4,24,27,0,0,0,0,1
0.065,2,48,6,0,0,0,3,0
0.357,4,5,26,0,0,0,7,1
0.364,1,72,20,1,0,1,17,0
0.847,5,5,25,1,0,1,8,1
0.183,2,24,22,0,0,0,8,0
0.091,2,5,28,0,0,1,7,1
0.762,4,72,3,0,0,1,20,0
0.478,4,5,15,0,0,1,15,1
0.01,4,5,23,0,0,1,20,1
0.456,1,48,24,0,0,1,10,0
0.514,3,48,27,0,0,1,16,1
0.44,2,72,0,0,0,1,5,0
0.76,3,5,29,0,0,1,5,1
0.109,2,24,9,0,0,1,3,0
0.928,2,24,10,0,0,0,5,1
0.157,5,72,20,0,0,1,7,0
0.472,3,48,4,0,0,0,10,0
0.425,4,72,0,0,0,0,11,0
0.14,4,48,0,0,0,1,8,0
0.373,3,72,25,0,0,1,6,0
0.44,3,5,2,0,0,1,23,1
0.952,1,72,22,0,0,1,19,0
0.059,1,48,8,0,0,1,15,0
0.75,3,72,26,0,0,1,6,1
0.438,3,48,17,0,0,1,2,0
0.699,3,48,28,0,0,1,10,1
0.461,3,24,21,0,0,1,0,1
0.642,4,72,25,0,1,1,16,1
0.566,1,48,25,0,0,1,2,0
0.565,5,5,17,0,0,0,18,1
0.61,2,5,24,0,0,1,23,1
0.33,2,48,14,0,0,0,13,0
0.401,3,5,19,0,1,1,13,1
0.856,5,48,17,0,0,0,18,1
0.893,5,24,6,0,0,1,0,1
0.944,1,24,17,0,1,0,7,1
0.202,2,72,8,0,0,0,0,0
0.899,4,5,26,0,1,0,23,1
0.049,4,72,6,0,0,0,2,0
0.507,5,5,5,0,0,1,19,1
0.995,4,24,6,0,0,1,8,1
0.945,1,5,12,0,0,0,11,1
0.31,1,72,30,0,0,0,2,0
0.81,4,5,30,0,0,0,1,1
0.249,5,5,4,0,0,1,1,1
0.802,3,48,19,0,0,1,16,1
0.742,2,48,28,0,0,1,6,1
0.625,3,48,0,0,0,0,1,0
0.144,4,5,17,0,0,1,5,1
0.349,2,5,13,0,0,1,13,0
0.537,2,5,9,0,0,1,10,1
0.366,5,5,15,0,0,1,4,1
0.13,2,24,21,1,0,1,19,1
0.226,2,48,10,0,0,1,16,0
0.884,2,48,13,0,0,1,1,1
0.8,1,24,5,1,0,0,7,1
0.323,5,72,15,0,0,0,18,0
0.993,4,48,17,0,0,1,16,1
0.337,2,48,10,0,0,1,21,0
0.856,5,48,2,0,0,1,17,1
0.227,4,5,3,0,0,0,9,0
0.553,1,24,12,0,0,1,4,0
0.222,1,24,23,0,0,0,18,0
0.525,5,48,17,0,0,1,11,1
0.68,5,24,26,0,0,1,19,1
0.202,1,72,9,0,0,1,15,0
0.136,3,5,2,0,0,1,23,0
0.959,1,72,4,0,0,0,7,0
0.159,4,72,18,0,0,1,8,0
0.401,5,24,6,0,0,0,0,1
0.521,5,5,24,0,0,1,9,1
0.541,5,72,4,1,0,0,10,0
0.949,1,72,26,0,0,1,18,1
0.71,4,48,7,0,0,1,19,0
0.241,4,72,13,1,0,0,23,0
0.905,5,48,13,0,0,1,0,1
0.806,2,72,7,0,0,1,22,0
0.607,5,72,19,0,0,1,19,1
0.838,1,5,3,0,0,1,22,1
0.422,4,5,11,0,0,1,16,1
0.399,4,5,6,0,1,0,3,1
0.412,1,72,27,0,0,1,11,0
0.249,4,5,10,0,0,1,5,1
0.771,5,48,23,0,0,0,15,1
0.334,5,24,10,0,0,1,20,1
0.622,2,72,6,0,0,1,14,0
0.755,2,48,0,1,0,0,22,0
0.296,5,24,12,0,1,1,22,1
0.877,4,48,4,0,0,1,12,1
0.956,3,5,10,0,0,1,17,1
0.993,1,72,7,0,0,1,7,0
0.812,2,5,9,0,1,1,14,1
0.551,5,24,13,0,0,1,18,1
0.979,3,48,25,0,0,1,7,1
0.357,2,48,27,0,0,0,18,0
0.981,5,72,17,0,0,1,23,1
0.702,5,24,14,0,0,1,14,1
0.436,2,5,17,0,0,0,15,1
0.148,3,5,30,0,0,0,23,1
0.598,4,24,12,0,0,1,21,1
0.233,5,72,4,0,0,1,0,0
0.053,3,5,24,0,0,1,23,1
0.195,5,24,26,0,0,1,3,1
0.094,4,72,25,0,0,1,10,0
0.311,2,72,28,0,0,1,6,0
0.986,1,48,14,0,0,1,19,1
0.557,3,5,5,1,0,1,10,1
0.028,5,48,27,1,0,1,15,1
0.218,3,5,27,0,0,1,5,1
0.706,2,24,26,0,1,1,17,1
0.794,1,48,29,0,0,1,16,1
0.1,2,24,19,0,0,0,17,0
0.784,1,5,10,0,0,0,15,1
0.404,3,5,29,0,0,0,21,1
0.839,1,5,21,0,0,1,22,1
0.394,5,24,9,0,0,1,20,1
0.435,1,72,0,0,0,1,12,0
0.992,3,5,16,0,0,1,18,1
0.571,2,48,23,1,1,0,12,1
0.964,1,72,23,0,0,1,21,0
0.911,1,72,30,0,0,1,22,1
0.207,5,5,1,0,0,1,9,1
0.24,3,24,12,0,0,0,1,0
0.599,5,48,28,0,0,1,20,1
0.94,3,72,22,1,0,1,6,1
0.488,5,5,20,0,1,0,4,1
0.223,1,5,5,0,0,1,10,0
0.74,4,48,17,0,0,1,3,1
0.886,2,5,17,0,0,1,1,1
0.109,2,5,26,0,0,1,2,1
0.615,4,24,14,0,1,0,6,1
0.725,1,5,30,0,0,1,5,1
0.201,1,72,12,0,0,1,5,0
0.336,4,5,27,0,0,1,9,1
0.143,3,5,3,0,0,1,19,0
0.724,3,48,1,0,0,1,12,1
0.058,4,5,27,0,0,1,2,1
0.824,4,72,9,0,0,0,7,0
0.613,3,72,15,0,0,1,11,0
0.287,2,72,8,0,0,1,9,0
0.46,5,24,12,0,0,1,12,1
0.418,4,72,30,0,0,1,12,0
0.53,2,24,22,0,0,0,21,1
0.363,4,72,11,0,0,1,3,0
0.452,5,72,1,0,0,0,21,0
0.518,2,72,0,0,0,1,8,0
0.681,2,72,18,0,0,1,14,0
0.738,4,48,19,0,0,1,1,1
0.787,1,5,0,0,0,1,2,1
0.902,2,24,30,0,0,1,10,1
0.828,4,48,22,0,0,0,5,1
0.152,4,5,17,0,0,1,20,1
0.983,2,5,21,0,0,1,1,1
0.381,4,72,5,0,0,0,11,0
0.585,2,72,28,1,0,1,11,0
0.988,3,5,5,0,0,1,4,1
0.935,2,48,9,0,0,1,19,0
0.495,5,72,5,0,0,1,16,0
0.023,3,24,1,0,0,1,13,0
0.273,4,5,10,0,0,0,19,1
0.574,3,72,6,0,0,1,21,0
0.375,3,72,13,0,0,1,8,0
0.489,3,5,29,0,0,0,10,1
0.896,1,24,25,0,0,1,2,1
0.801,1,5,0,0,0,1,19,1
0.583,4,48,25,0,0,1,4,1
0.746,1,24,2,0,0,1,21,1
0.05,1,72,10,0,0,0,22,0
0.605,2,72,9,0,0,0,14,0
0.006,2,24,8,0,0,0,22,0
0.762,2,24,27,0,0,1,20,1
0.297,4,48,6,0,0,1,16,0
0.891,3,48,24,0,1,1,23,1
0.756,4,5,21,0,0,1,23,1
0.318,3,5,18,0,0,1,23,1
0.37,3,72,10,0,0,1,5,0
0.353,4,72,10,0,0,0,14,0
0.464,2,24,23,0,0,1,4,1
0.381,2,72,11,1,0,1,5,0
0.946,2,5,0,0,0,1,0,1
0.158,5,48,7,0,0,1,13,0
0.16,1,48,30,1,0,1,19,0
0.235,4,24,13,0,0,1,10,0
0.684,4,5,19,0,0,1,22,1
0.37,4,5,0,0,0,1,10,1
0.91,3,72,25,0,0,0,22,1
0.127,3,24,22,0,0,0,15,0
0.891,3,5,12,0,0,1,15,1
0.9,3,5,14,0,0,0,22,1
0.848,1,72,7,0,1,1,19,0
0.146,3,48,15,0,0,1,20,0
0.924,5,5,9,0,0,1,16,1
0.791,4,5,9,0,0,1,20,1
0.421,3,72,24,0,0,1,17,0
0.444,3,5,29,0,0,1,14,1
0.586,3,5,3,1,0,1,4,1
0.721,5,5,20,0,0,1,19,1
0.035,3,48,18,0,1,1,23,0
0.132,1,5,4,0,0,0,7,0
0.36,3,48,2,0,0,1,17,0
0.416,4,24,17,0,0,1,3,1
0.869,2,24,1,0,0,1,22,1
0.042,2,24,30,0,0,1,10,0
0.634,4,5,16,0,0,1,22,1
0.068,2,5,6,0,0,1,2,0
0.368,2,72,6,0,1,1,19,0
0.556,5,72,5,0,0,1,6,0
0.26,1,48,14,1,0,1,16,0
0.205,1,5,12,0,0,0,6,0
0.736,3,24,28,0,0,1,20,1
0.567,3,24,16,1,1,0,10,1
0.947,4,48,14,0,0,1,15,1
0.597,2,5,19,1,1,1,1,1
0.947,1,48,14,0,0,1,1,1
0.646,4,48,2,0,0,1,1,0
0.302,3,72,29,0,0,0,3,0
0.744,1,72,5,1,0,1,18,0
0.273,1,72,2,0,0,1,21,0
0.037,4,72,13,0,1,0,21,0
0.77,3,48,23,0,0,1,8,1
0.188,4,5,20,1,0,0,17,1
0.489,2,5,9,0,0,1,15,1
0.373,3,24,10,0,0,1,12,0
0.984,3,24,26,0,0,1,13,1
0.432,5,48,28,0,0,1,14,1
0.862,2,5,10,0,0,1,19,1
0.633,2,24,26,0,0,1,13,1
0.991,5,5,16,1,1,0,21,1
0.74,3,72,3,0,0,1,12,0
0.819,2,48,23,0,0,1,20,1
0.156,2,5,28,0,0,1,4,0
0.695,3,24,24,0,0,1,3,1
0.191,1,5,9,0,0,0,2,0
0.453,1,72,30,0,0,1,9,0
0.375,3,72,19,0,0,1,1,0
0.977,4,48,11,1,0,0,12,1
0.77,4,48,30,0,0,1,1,1
0.759,1,72,8,0,0,1,22,0
0.094,4,48,7,0,0,1,17,0
0.855,2,72,3,1,0,0,0,0
0.444,5,24,14,0,0,0,17,1
0.049,5,5,22,0,0,1,5,1
0.601,4,5,21,0,0,1,15,1
0.387,2,72,1,0,0,0,18,0
0.229,4,5,3,0,0,0,19,0
0.438,3,72,0,0,0,1,17,0
0.474,3,72,17,0,1,1,21,0
0.401,2,24,3,1,0,1,6,0
0.997,3,48,15,1,0,1,13,1
0.04,2,24,9,0,0,1,1,0
0.012,5,48,18,0,0,0,10,0
0.861,2,24,21,0,0,1,12,1
0.627,1,24,21,0,0,0,2,1
0.99,1,24,7,0,0,1,7,1
0.406,4,5,27,0,0,1,23,1
0.391,5,24,23,0,0,0,16,1
0.646,2,24,19,0,0,1,19,1
0.066,1,24,24,0,0,1,14,0
0.987,3,48,26,0,0,1,15,1
0.386,5,24,15,0,0,0,17,1
0.631,3,48,29,0,0,1,10,1
0.324,2,24,11,0,0,1,21,0
0.264,4,24,24,0,0,0,22,1
0.687,3,48,6,0,0,1,23,0
0.291,2,24,19,0,0,1,20,0
0.375,4,72,22,0,0,1,4,0
0.072,1,72,26,0,0,1,8,0
0.455,5,48,16,0,0,1,13,1
0.49,1,72,13,0,0,1,11,0
0.994,1,5,8,1,0,1,3,1
0.687,2,5,28,0,1,1,19,1
0.284,2,24,7,0,0,1,17,0
0.236,1,48,24,0,0,0,6,0
0.017,2,5,18,0,0,1,15,0
0.246,4,24,7,0,0,1,7,0
0.003,3,72,18,0,0,1,7,0
0.082,4,72,4,0,0,1,12,0
0.765,2,72,13,0,0,1,15,0
0.388,4,24,11,0,1,0,21,1
0.788,2,24,10,0,0,1,7,1
0.878,1,24,20,0,0,0,12,1
0.36,1,72,13,0,0,1,8,0
0.269,3,72,5,0,0,1,19,0
0.196,1,72,11,1,0,1,5,0
0.695,1,48,2,0,0,1,4,0
0.279,2,24,13,0,0,1,2,0
0.573,2,48,17,0,0,1,0,0
0.195,1,5,24,1,0,1,3,1
0.553,3,24,4,0,0,0,10,0
0.766,5,5,16,0,1,1,1,1
0.847,2,48,18,0,0,1,22,1
0.248,5,5,2,0,0,1,16,1
0.678,4,72,28,0,0,0,11,1
0.577,4,48,16,0,0,0,4,1
0.207,5,48,26,0,0,1,12,1
0.024,4,24,24,1,0,1,4,1
0.59,2,48,12,0,1,1,14,0
0.399,4,48,28,0,0,0,7,0
0.897,1,48,11,1,0,1,20,1
0.078,3,48,26,0,0,0,15,0
0.331,3,24,0,0,0,1,8,0
0.51,5,48,0,0,0,1,11,0
0.285,1,5,28,0,0,0,1,1
0.548,5,5,30,0,0,1,22,1
0.723,3,24,4,0,0,1,8,1
0.042,3,5,30,0,0,1,4,1
0.568,2,5,2,0,1,1,2,1
0.915,2,72,3,1,0,0,19,0
0.372,4,48,18,0,0,0,10,0
0.327,2,48,25,0,0,1,0,0
0.272,5,48,15,0,0,1,18,0
0.863,1,24,17,0,0,0,7,1
0.153,1,48,13,0,0,1,2,0
0.623,1,48,29,0,0,0,4,0
0.978,3,48,3,0,0,0,12,1
0.405,2,48,7,0,0,1,10,0
0.853,1,5,2,0,1,1,15,1
0.934,2,5,0,0,1,1,11,1
0.918,3,5,1,0,0,1,18,1
0.04,1,24,25,0,0,0,3,0
0.291,5,5,26,0,0,1,8,1
0.776,5,5,15,0,0,1,10,1
0.695,4,48,30,0,0,1,12,1
0.93,3,48,6,0,0,1,2,1
0.875,2,5,14,0,0,1,10,1
0.579,4,72,13,0,0,0,17,0
0.303,2,72,20,1,0,1,2,0
0.841,3,72,5,0,0,0,22,0
0.45,3,72,21,0,0,1,22,0
0.869,2,48,13,1,0,1,1,1
0.24,5,72,30,0,0,1,1,0
0.632,3,48,10,1,0,0,16,1
0.148,5,48,16,0,0,1,19,0
0.77,1,72,30,0,0,1,14,1
0.333,4,5,15,0,0,1,19,1
0.923,5,24,14,0,0,0,7,1
0.58,4,48,0,0,1,0,14,0
0.002,1,5,25,0,0,0,13,0
0.869,3,5,15,0,0,1,9,1
0.855,4,48,5,0,0,1,2,1
0.246,4,5,3,0,0,1,21,1
0.257,2,72,6,0,0,0,9,0
0.542,5,5,2,0,0,0,0,1
0.066,3,24,3,0,0,1,17,0
0.122,5,48,25,1,0,1,12,0
0.545,3,5,29,0,0,0,2,1
0.162,3,24,16,0,0,1,20,0
0.34,4,72,3,0,0,1,5,0
0.637,5,5,23,0,0,0,15,1
0.458,3,48,6,0,1,1,18,0
0.988,3,48,13,0,1,1,14,1
0.843,5,5,18,0,0,0,23,1
0.12,1,48,7,0,0,1,3,0
0.3,2,48,26,0,0,1,13,0
0.975,3,5,15,0,0,1,9,1
0.712,2,5,11,1,0,0,10,1
0.183,2,5,7,1,0,0,17,0
0.08,5,48,29,0,0,0,1,0
0.878,1,48,8,0,0,1,18,1
0.891,1,72,25,0,0,1,18,0
0.895,2,5,10,0,0,1,3,1
0.017,2,24,5,0,0,1,7,0
0.005,5,48,18,0,0,1,17,0
0.43,5,72,6,0,0,1,18,0
0.578,3,24,19,0,0,1,20,1
0.001,1,72,18,0,0,1,5,0
0.58,2,24,22,1,0,1,23,1
0.395,2,48,30,1,1,1,3,0
0.014,1,48,6,0,0,1,3,0
0.325,4,72,21,0,0,1,20,0
0.389,2,24,15,0,0,1,0,0
0.159,1,72,16,0,0,0,4,0
0.177,1,72,25,0,1,1,9,0
0.449,3,72,30,0,0,1,4,0
0.234,4,72,7,0,0,1,4,0
0.721,5,48,22,1,0,1,9,1
0.02,5,5,7,0,0,1,21,0
0.856,5,24,20,0,0,1,0,1
0.69,5,72,18,0,0,1,23,1
0.764,3,48,18,0,0,0,19,1
0.357,4,72,19,0,0,1,10,0
0.759,5,48,15,0,0,1,2,1
0.896,2,72,27,1,0,1,23,1
0.681,5,72,22,0,0,1,3,1
0.012,5,72,3,0,0,0,6,0
0.924,5,5,2,0,0,1,20,1
0.241,4,48,17,0,0,1,15,0
0.216,4,48,3,1,0,0,8,0
0.696,3,72,17,0,1,1,20,0
0.667,2,24,26,0,0,1,6,1
0.198,3,72,1,0,0,1,3,0
0.724,3,48,26,0,0,1,5,1
0.008,3,5,17,0,0,1,2,0
0.212,2,72,3,0,0,1,22,0
0.555,5,48,28,0,0,1,21,1
0.954,4,24,19,0,0,1,19,1
0.733,1,24,12,0,0,1,2,0
0.115,2,5,7,0,0,0,17,0
0.909,5,24,1,0,0,1,4,1
0.051,5,5,7,0,0,1,2,1
0.332,2,24,1,0,0,1,7,0
0.089,2,72,2,0,0,1,10,0
0.681,3,5,1,0,0,0,22,1
0.81,1,5,10,0,0,1,2,1
0.19,1,72,25,0,0,1,20,0
0.605,2,48,10,0,0,0,20,0
0.292,2,5,17,0,0,1,15,1
0.522,1,24,5,0,0,1,1,0
0.469,5,72,14,1,0,1,8,0
0.378,3,5,11,0,0,1,12,1
0.236,2,48,16,0,0,1,11,0
0.17,5,72,23,1,0,1,1,0
0.24,5,72,19,0,0,0,20,0
0.856,5,24,4,1,0,1,3,1
0.253,5,5,28,0,0,1,20,1
0.962,2,72,15,0,0,1,22,0
0.528,1,72,8,0,0,1,12,0
0.295,2,48,13,0,1,0,22,0
0.722,5,72,6,1,0,1,14,1
0.822,3,72,5,0,0,0,1,0
0.789,3,48,17,0,0,0,23,1
0.085,4,48,13,0,0,1,16,0
0.918,2,5,11,0,0,1,8,1
0.972,4,5,21,0,1,1,1,1
0.291,2,24,6,0,0,1,16,0
0.315,1,72,23,0,0,1,3,0
0.455,4,5,17,1,0,1,2,1
0.198,2,24,12,0,0,1,13,0
0.723,1,72,24,0,0,1,16,0
0.779,5,5,0,0,0,1,0,1
0.335,4,5,17,0,0,0,7,1
0.334,4,48,23,0,0,1,23,0
0.917,5,24,12,0,0,1,1,1
0.604,1,48,3,0,0,1,15,0
0.026,2,72,6,0,0,0,19,0
0.148,2,72,8,0,0,1,1,0
0.857,3,24,16,0,0,1,11,1
0.778,3,24,15,0,0,0,23,1
0.694,1,24,13,0,1,1,6,0
0.055,2,48,12,0,0,0,0,0
0.685,1,48,30,0,0,1,6,1
0.341,1,72,16,0,0,1,20,0
0.424,5,24,19,0,0,1,23,1
0.116,3,5,25,0,0,1,9,1
0.863,5,24,13,1,0,1,23,1
0.102,3,72,22,0,0,1,11,0
0.581,1,48,9,0,0,1,14,0
0.583,2,72,24,0,0,0,13,0
0.573,4,48,26,0,0,1,23,1
0.761,4,5,28,0,0,0,18,1
0.952,2,24,10,0,0,0,9,1
0.792,2,24,28,0,0,0,7,1
0.141,4,72,18,0,0,1,22,0
0.558,2,72,20,1,0,0,0,0
0.174,2,48,17,0,0,1,7,0
0.663,3,24,28,0,0,0,0,1
0.981,1,48,30,0,0,0,22,1
0.434,1,24,12,0,0,1,13,0
0.093,5,72,18,0,0,1,6,0
0.482,4,5,21,0,0,0,16,1
0.337,1,48,26,0,0,1,7,0
0.773,5,48,20,0,0,0,5,1
0.224,1,72,19,0,0,1,1,0
0.98,4,24,2,1,0,1,0,1
0.066,5,5,19,0,0,1,2,1
0.321,4,72,24,0,0,1,18,0
0.642,2,5,23,0,0,1,15,1
0.599,4,24,1,0,0,1,12,1
0.412,2,24,11,1,0,1,15,0
0.826,4,5,5,0,0,1,8,1
0.937,5,48,2,0,0,1,2,1
0.954,3,48,22,0,0,0,12,1
0.545,1,72,0,0,0,0,21,0
0.603,1,72,3,0,0,0,21,0
0.468,5,48,12,0,0,1,21,1
0.307,5,5,23,0,0,1,4,1
0.294,1,5,13,0,0,1,6,0
0.832,4,72,17,1,0,1,15,1
0.17,2,5,0,0,0,0,18,0
0.182,2,48,16,0,0,1,10,0
0.491,5,72,7,0,0,1,17,0
0.115,5,24,17,0,0,1,7,1
0.45,1,72,25,0,0,1,12,0
0.994,4,72,22,1,0,1,12,1
0.808,1,48,24,1,0,1,5,1
0.629,3,24,2,0,0,1,0,0
0.539,4,5,21,0,0,1,16,1
0.937,1,24,10,0,0,0,1,1
0.534,3,24,13,0,0,0,0,1
0.127,1,48,25,1,0,1,21,0
0.433,5,48,16,0,0,1,19,1
0.735,5,5,20,1,0,1,16,1
0.81,1,72,2,0,0,0,12,0
0.478,5,24,0,0,0,1,2,0
0.063,4,72,19,0,0,1,19,0
0.436,4,24,26,0,0,1,15,1
0.038,5,48,21,0,0,1,20,0
0.369,3,5,21,0,0,0,12,1
0.332,4,5,0,0,0,0,5,0
0.343,3,48,8,0,0,1,12,0
0.353,5,48,5,0,0,1,17,0
0.847,4,24,27,0,0,0,18,1
0.34,2,48,2,0,0,1,10,0
0.932,2,48,12,0,0,1,18,1
0.695,3,48,3,0,0,1,17,0
0.369,1,72,16,0,0,0,10,0
0.32,4,48,26,0,1,1,19,1
0.675,5,5,29,0,0,1,5,1
0.522,3,24,8,0,0,1,12,1
0.325,4,5,10,0,0,1,5,1
0.886,4,72,23,0,0,1,13,1
0.317,1,48,30,0,0,1,3,0
0.77,1,5,24,0,0,1,3,1
0.524,5,5,19,0,0,1,8,1
0.235,5,48,12,0,0,1,13,0
0.956,5,72,25,0,0,1,5,1
0.706,5,48,23,0,0,1,23,1
0.965,3,48,5,0,0,1,3,1
0.812,4,48,0,0,0,0,1,1
0.307,2,24,2,0,0,0,3,0
0.868,1,24,0,0,0,1,20,0
0.556,2,5,9,0,0,1,12,1
0.62,4,24,15,0,0,0,13,1
0.637,4,48,20,0,0,1,16,1
0.704,3,48,6,0,1,1,5,0
0.808,1,24,6,0,0,1,20,1
0.305,1,5,12,0,0,1,13,0
0.16,5,72,11,1,0,1,16,0
0.665,2,24,28,0,0,1,11,1
0.266,2,72,4,0,0,1,19,0
0.817,4,72,28,0,0,1,1,1
0.182,4,5,20,0,1,1,6,1
0.717,2,24,30,0,1,1,4,1
0.567,5,24,23,0,0,1,13,1
0.657,5,5,20,0,0,1,5,1
0.364,2,24,10,0,0,1,15,0
0.463,4,24,5,0,0,0,18,1
0.865,5,72,19,0,0,0,19,1
0.861,4,5,5,0,0,1,10,1
0.901,4,72,23,1,0,0,10,1
0.951,5,24,4,0,0,0,3,1
0.364,1,24,5,1,1,0,15,0
0.94,4,72,11,0,0,1,11,1
0.357,2,72,29,1,0,0,1,0
0.278,3,24,29,0,0,1,18,1
0.46,3,24,30,0,0,0,2,1
0.149,5,24,24,0,0,1,21,1
0.303,4,48,20,0,0,1,6,0
0.577,4,5,6,0,0,1,3,1
0.048,2,24,3,0,0,1,22,0
0.41,2,5,3,0,0,1,3,0
0.105,2,5,3,0,1,1,10,0
0.926,4,24,6,0,0,1,9,1
0.431,3,24,17,1,0,1,21,1
0.777,1,24,24,0,0,1,0,1
0.683,5,24,29,0,1,1,4,1
0.287,2,5,26,0,0,0,11,1
0.84,1,5,25,0,0,1,11,1
0.695,4,5,24,1,0,1,8,1
0.935,5,48,17,0,0,0,6,1
0.259,1,24,0,0,0,1,3,0
0.162,2,72,8,1,0,1,23,0
0.085,4,5,13,0,0,1,20,0
0.107,3,48,30,0,0,1,20,0
0.701,3,5,7,1,1,1,12,1
0.564,4,48,13,0,0,1,14,1
0.778,3,48,9,0,0,1,15,0
0.137,3,72,13,1,1,1,3,0
0.514,1,24,0,0,0,1,7,0
0.399,1,72,5,0,1,1,3,0
0.67,4,5,4,0,0,1,10,1
0.463,2,5,13,0,0,1,7,1
0.969,3,48,16,0,0,1,12,1
0.704,1,5,18,0,0,0,21,1
0.426,4,48,15,1,0,1,6,0
0.804,2,72,5,0,0,1,8,0
0.89,4,24,2,0,1,1,4,1
0.475,1,5,8,0,0,1,10,0
0.025,1,5,1,0,0,1,8,0
0.749,3,24,17,0,0,0,18,1
0.858,3,5,10,0,0,1,5,1
0.611,5,5,25,0,0,1,15,1
0.395,5,72,20,0,1,1,14,0
0.814,4,48,3,0,0,1,6,1
0.953,4,72,18,0,0,1,10,1
0.211,5,48,18,0,0,1,0,1
0.823,3,24,28,0,0,1,0,1
0.051,4,24,3,1,1,1,21,0
0.631,3,5,27,0,0,0,2,1
0.684,5,72,28,0,0,0,0,1
0.538,5,48,29,0,1,0,2,1
0.928,3,48,17,0,0,1,11,1
0.737,2,72,16,0,0,1,1,0
0.26,1,72,15,0,0,0,5,0
0.38,1,48,19,0,0,1,5,0
0.5,5,48,25,0,0,1,16,1
0.726,4,72,21,0,0,1,7,1
0.259,1,72,3,0,1,0,20,0
0.488,5,24,10,0,0,0,14,1
0.859,4,24,9,0,0,0,22,1
0.835,4,72,17,0,0,1,0,1
0.512,2,5,14,1,0,1,4,1
0.933,5,24,26,0,0,1,0,1
0.574,2,48,17,0,0,1,1,0
0.137,3,72,15,0,0,1,19,0
0.425,5,5,2,0,0,0,18,1
0.994,2,48,21,0,0,0,6,1
0.108,2,72,23,0,1,1,7,0
0.255,5,5,12,0,0,1,5,1
0.956,3,72,4,0,0,1,20,1
0.193,3,48,0,0,0,0,15,0
0.484,1,24,22,0,0,0,20,1
0.541,1,72,14,0,0,1,14,0
0.517,1,24,26,0,0,1,12,0
0.546,5,24,22,0,0,1,14,1
0.507,5,48,22,0,0,1,8,1
0.804,1,5,3,0,0,1,1,1
0.781,3,24,22,0,0,1,3,1
0.079,1,24,26,0,0,1,12,0
0.314,4,24,3,0,0,1,1,0
0.008,1,48,25,0,0,1,5,0
0.921,4,48,25,0,0,1,13,1
0.05,4,48,5,1,0,1,13,0
0.49,4,48,17,0,0,0,9,0
0.965,2,5,13,0,0,1,12,1
0.783,2,72,10,0,1,1,10,0
0.347,1,5,22,0,0,0,3,1
0.294,4,72,30,0,0,1,12,0
0.316,1,72,0,1,0,1,3,0
0.911,5,48,17,0,0,0,0,1
0.979,1,5,15,0,0,1,15,1
0.128,1,24,18,0,0,1,0,0
0.273,2,72,25,0,0,0,2,0
0.111,2,5,6,0,0,0,15,0
0.43,5,72,27,0,1,1,20,1
0.983,5,24,9,0,0,1,7,1
0.879,3,48,1,1,0,1,20,1
0.652,3,24,27,0,0,1,6,1
0.713,4,48,24,0,0,1,15,1
0.621,1,72,14,0,0,1,21,0
0.642,2,72,5,1,0,1,12,0
0.82,4,48,22,1,0,0,2,1
0.387,2,5,8,0,0,1,19,0
0.979,3,24,8,0,0,0,9,1
0.858,1,5,22,0,0,1,16,1
0.843,3,24,8,0,0,0,8,1
0.053,5,24,26,0,0,1,19,1
0.45,5,5,0,0,0,0,23,1
0.241,5,5,4,0,0,1,8,1
0.735,5,72,18,0,0,0,22,1
0.306,3,72,18,0,0,1,14,0
0.254,2,5,25,1,0,1,23,1
0.71,2,48,4,0,0,1,18,0
0.521,2,5,4,0,0,1,15,1
0.92,2,24,5,0,0,1,18,1
0.212,2,5,1,0,1,1,0,0
0.692,4,72,13,0,1,1,20,0
0.868,4,72,3,1,0,1,11,1
0.093,1,24,28,0,0,1,20,0
0.59,1,72,8,0,0,0,20,0
0.315,4,48,26,0,0,1,23,0
0.017,4,24,0,0,0,0,23,0
0.438,1,48,0,0,1,1,21,0
0.269,1,5,28,0,0,1,2,0
0.704,2,48,0,0,0,1,19,0
0.916,3,72,1,0,1,0,6,0
0.548,3,24,12,0,0,1,5,1
0.459,1,24,17,0,0,0,18,1
0.529,4,5,11,1,0,1,11,1
0.078,4,72,0,0,0,1,2,0
0.881,3,72,27,0,0,1,5,1
0.303,1,5,24,0,0,1,4,0
0.784,3,48,16,0,0,1,14,1
0.09,2,72,9,0,0,1,17,0
0.835,5,24,8,1,0,1,4,1
0.177,2,72,10,0,1,1,22,0
0.913,3,48,8,0,0,1,21,1
0.486,1,48,13,0,0,0,4,0
0.87,4,5,22,0,0,1,20,1
0.925,3,72,8,0,0,1,4,1
0.865,2,24,29,0,0,1,8,1
0.089,5,24,5,0,0,1,4,0
0.072,5,48,0,0,1,1,17,0
0.753,1,5,3,0,0,1,14,1
0.109,1,48,5,0,0,1,11,0
0.817,4,5,26,0,0,1,2,1
0.594,1,5,30,0,0,0,20,1
0.504,3,48,22,0,0,1,18,1
0.413,5,24,27,0,0,1,8,1
0.766,4,5,30,0,0,0,15,1
0.311,5,5,6,0,0,1,8,1
0.154,5,72,7,0,1,0,6,0
0.784,3,72,8,0,0,1,4,0
0.06,3,72,1,0,0,1,7,0
0.996,3,24,17,0,0,0,12,1
0.798,3,72,29,0,1,1,14,1
0.927,1,72,11,0,0,1,12,0
0.565,1,5,17,0,0,1,1,1
0.7,1,5,28,0,0,0,14,1
0.941,1,5,4,0,0,0,21,1
0.687,2,24,20,1,0,1,7,1
0.92,3,5,21,0,1,1,4,1
0.901,5,48,27,0,1,0,22,1
0.079,1,48,6,0,0,0,11,0
0.655,5,48,14,0,0,1,9,1
0.835,1,72,22,0,0,1,1,0
0.708,5,48,20,1,0,0,2,1
0.983,3,24,9,0,1,1,18,1
0.277,2,5,28,0,1,1,9,1
0.543,5,5,30,0,0,0,19,1
0.96,3,48,24,0,0,1,10,1
0.361,1,5,1,0,0,0,0,0
0.398,4,5,2,0,0,1,1,1
0.895,4,48,22,0,0,0,21,1
0.848,3,48,27,0,1,1,12,1
0.847,3,48,0,0,0,0,2,1
0.985,3,48,4,0,0,1,17,1
0.582,2,24,7,0,0,0,2,1
0.787,5,5,20,0,0,1,11,1
0.637,5,72,16,0,1,0,3,1
0.393,2,24,19,0,0,1,14,1
0.876,5,72,10,0,0,1,18,1
0.771,3,24,12,1,0,1,21,1
0.179,1,24,14,0,0,1,14,0
0.89,5,24,0,0,0,0,5,1
0.752,1,24,6,0,0,1,19,0
0.171,3,5,16,0,0,1,11,1
0.434,1,72,6,0,0,1,23,0
0.313,4,72,5,0,0,1,1,0
0.75,3,24,15,0,0,1,6,1
0.979,5,24,16,0,0,1,16,1
0.961,3,5,21,1,0,1,15,1
0.054,5,24,19,0,0,0,7,1
0.946,1,48,2,0,0,1,6,0
0.925,5,5,2,0,0,1,19,1
0.701,2,5,4,1,0,1,22,1
0.219,2,24,22,0,0,0,22,0
0.244,2,5,28,0,0,1,10,1
0.407,4,24,0,0,0,1,19,0
0.828,4,72,11,0,0,1,7,1
0.071,1,24,19,1,0,0,23,0
0.299,5,5,27,0,0,0,6,1
0.785,3,24,26,0,0,1,19,1
0.162,5,5,25,0,0,1,0,1
0.367,5,48,26,0,0,1,1,1
0.7,2,5,18,0,0,1,9,1
0.779,3,48,20,1,0,1,6,1
0.605,2,24,18,0,1,1,12,1
0.19,2,72,4,0,0,1,4,0
0.786,2,48,30,0,0,1,4,1
0.515,5,5,17,0,0,1,21,1
0.74,4,24,20,0,0,0,2,1
0.571,4,48,7,0,0,1,4,0
0.962,3,72,30,0,0,1,17,1
0.246,2,5,25,0,1,1,11,1
0.529,4,5,11,0,0,0,23,1
0.69,3,72,10,0,0,1,23,0
0.268,3,24,11,0,0,1,8,0
0.931,5,72,30,0,0,0,4,1
0.343,3,5,17,0,1,1,19,1
0.306,1,48,5,0,0,1,11,0
0.397,4,24,3,0,0,1,8,1
0.368,5,5,8,0,0,0,1,1
0.954,5,24,7,0,0,1,3,1
0.317,3,24,22,0,0,1,21,1
0.226,1,5,17,0,0,1,16,0
0.92,2,5,2,0,0,1,17,1
0.156,3,48,23,0,0,0,14,0
0.844,4,5,3,0,0,1,20,1
0.677,5,72,25,0,0,1,14,1
0.132,4,72,21,0,0,1,3,0
0.062,1,48,26,0,0,1,0,0
0.367,5,5,1,1,0,0,5,1
0.066,2,48,14,0,0,1,0,0
0.227,5,5,24,0,0,1,20,1
0.494,2,5,6,0,0,1,22,1
0.776,2,5,19,0,0,1,15,1
0.344,3,48,26,0,0,1,7,1
0.151,4,24,22,0,0,1,5,1
0.364,4,24,25,0,0,1,2,1
0.972,4,72,2,0,0,1,16,1
0.607,1,24,26,0,0,1,15,1
0.396,3,24,28,0,0,1,5,1
0.964,4,72,29,0,0,0,12,1
0.324,3,24,4,0,0,1,22,0
0.142,2,5,20,1,0,1,4,1
0.99,5,24,22,0,0,1,5,1
0.958,4,5,12,0,0,0,10,1
0.656,4,24,26,0,0,1,7,1
0.648,5,5,8,0,0,1,7,1
0.669,2,48,24,0,0,1,21,1
0.775,2,72,21,1,0,1,7,1
0.72,3,72,2,0,0,1,11,0
0.569,2,5,11,1,0,1,2,1
0.918,3,48,13,0,0,1,18,1
0.592,2,48,14,0,0,1,15,0
0.811,1,48,5,0,0,1,19,0
0.496,2,5,4,0,0,1,22,1
0.947,4,72,17,0,0,1,16,1
0.074,4,72,28,0,1,1,5,0
0.652,1,72,30,0,0,1,19,0
0.545,3,24,26,0,0,1,18,1
0.698,3,24,3,0,0,1,9,1
0.954,5,48,5,0,0,1,18,1
0.842,3,72,25,0,0,1,14,1
0.284,1,5,0,0,0,1,9,0
0.665,4,72,12,0,0,1,9,0
0.089,2,72,28,0,0,1,10,0
0.407,3,48,22,0,0,1,12,0
0.565,5,24,30,0,1,0,18,1
0.137,4,24,10,0,0,1,23,0
0.368,1,24,16,0,0,1,9,0
0.078,3,48,29,0,0,0,10,0
0.349,3,72,21,0,0,1,8,0
0.942,3,24,9,0,0,0,9,1
0.396,5,24,24,0,0,0,8,1
0.451,2,48,28,0,1,0,21,0
0.171,2,5,18,0,0,1,15,0
0.219,5,48,3,0,0,1,18,0
0.061,2,5,27,0,1,1,16,0
0.287,4,48,10,0,0,0,4,0
0.01,3,48,18,0,0,0,4,0
0.223,1,5,4,0,0,1,3,0
0.864,3,72,27,0,0,1,10,1
0.628,4,5,17,0,0,1,18,1
0.944,3,48,17,0,0,1,12,1
0.072,5,48,1,0,0,1,13,0
0.671,2,5,27,0,0,1,8,1
0.656,1,48,7,0,0,1,23,0
0.801,4,5,1,0,0,0,10,1
0.897,5,48,12,0,0,1,20,1
0.663,4,72,28,0,0,1,1,1
0.841,1,24,7,0,0,1,1,1
0.815,5,48,13,0,0,0,23,1
0.922,2,24,6,0,0,1,7,1
0.016,3,72,18,0,0,0,7,0
0.197,4,72,14,1,0,1,13,0
0.365,1,72,27,0,0,1,11,0
0.315,1,24,8,0,0,1,5,0
0.735,5,48,26,0,0,1,22,1
0.792,1,24,17,0,1,0,18,1
0.797,1,5,14,0,0,1,4,1
0.881,1,72,26,0,0,0,21,0
0.463,1,72,20,0,0,0,13,0
0.787,5,24,29,0,0,1,7,1
0.92,2,72,20,0,0,0,5,1
0.599,5,48,12,0,0,1,16,1
0.147,2,72,7,0,0,0,2,0
0.1,1,5,1,1,0,1,7,0
0.983,5,72,25,0,0,1,2,1
0.049,4,48,22,1,0,1,4,0
0.588,5,48,22,0,0,1,3,1
0.173,2,72,30,0,0,1,14,0
0.021,3,24,4,1,0,1,21,0
0.591,4,24,29,0,0,1,6,1
0.29,3,72,28,0,1,1,16,0
0.599,3,5,8,0,0,1,11,1
0.378,5,48,2,0,0,1,21,0
0.257,2,72,13,0,0,0,19,0
0.414,3,24,14,0,0,0,5,0
0.567,1,72,2,0,0,1,19,0
0.654,5,24,4,0,0,1,13,1
0.152,3,48,24,0,0,1,7,0
0.72,2,72,5,0,0,1,5,0
0.377,3,48,19,0,0,1,3,0
0.724,2,5,1,0,0,0,22,1
0.064,1,24,27,0,0,1,2,0
0.296,1,48,17,0,0,1,15,0
0.298,1,5,24,0,0,1,17,1
0.309,3,24,26,0,1,0,5,1
0.502,4,72,20,0,0,1,10,0
0.96,4,48,30,0,0,0,3,1
0.724,2,48,21,0,0,1,13,1
0.179,2,24,0,0,1,1,19,0
0.217,1,48,23,0,0,0,22,0
0.09,5,72,4,0,0,1,19,0
0.691,1,24,16,0,0,1,1,1
0.432,4,5,23,0,0,1,0,1
0.197,2,48,6,0,0,1,10,0
0.327,2,48,7,0,0,1,0,0
0.553,2,72,26,0,0,0,19,0
0.451,5,72,5,0,0,0,7,0
0.556,2,72,21,0,0,1,15,0
0.747,5,48,20,1,0,1,12,1
0.455,2,72,17,0,0,1,2,0
0.664,2,24,28,0,0,1,17,1
0.731,2,48,28,0,0,1,2,1
0.325,1,72,30,0,0,1,1,0
0.629,3,24,0,0,0,1,20,0
0.247,1,24,14,0,0,1,16,0
0.352,5,72,18,0,0,1,9,0
0.497,1,24,22,0,0,0,12,1
0.764,5,48,18,0,0,1,9,1
0.593,2,48,10,0,0,1,20,0
0.444,3,24,18,0,1,1,15,1
0.617,4,48,2,0,0,1,0,0
0.553,5,72,9,0,0,1,21,0
0.571,4,48,2,0,0,1,16,0
0.113,4,24,9,0,0,1,6,0
0.582,5,5,12,0,0,1,9,1
0.792,2,72,28,1,0,1,1,1
0.14,4,5,12,0,0,0,0,0
0.179,5,48,11,0,0,1,17,0
0.19,1,48,15,0,0,1,19,0
0.474,1,48,13,0,0,1,14,0
0.915,1,5,6,1,0,1,21,1
0.592,5,48,20,0,0,0,12,1
0.558,5,24,26,0,0,0,9,1
0.569,5,72,29,0,1,1,15,1
0.878,1,5,3,0,0,1,22,1
0.231,3,48,30,0,0,1,1,0
0.274,3,72,17,0,0,0,5,0
0.039,2,24,3,0,0,1,15,0
0.932,2,24,30,0,0,1,7,1
0.635,3,72,25,1,0,1,12,1
0.289,3,48,19,0,0,1,7,0
0.313,4,5,4,0,0,1,5,1
0.862,5,5,0,0,0,1,2,1
0.068,4,24,29,0,0,0,15,1
0.772,5,24,19,0,0,1,17,1
0.181,3,24,21,0,0,0,3,0
0.977,3,72,11,0,0,1,1,1
0.637,3,48,19,1,0,1,15,1
0.366,2,48,24,0,0,1,23,0
0.296,4,5,11,0,0,0,14,1
0.289,5,24,1,0,0,1,7,1
0.53,4,5,27,0,0,1,20,1
0.601,2,72,29,1,0,1,5,0
0.557,3,24,15,0,0,1,17,1
0.316,1,48,5,0,0,1,21,0
0.327,2,72,25,0,0,1,18,0
0.356,4,24,9,0,0,1,15,1
0.379,2,72,18,0,0,1,12,0
0.605,3,72,20,0,0,0,1,0
0.575,1,5,3,1,0,1,7,1
0.531,2,48,5,1,0,1,21,0
0.905,2,48,12,0,0,0,9,1
0.939,5,72,18,0,0,0,11,1
0.89,3,48,24,0,0,1,18,1
0.143,4,72,23,0,0,1,20,0
0.82,3,24,20,0,0,0,14,1
0.328,5,48,29,0,0,0,8,1
0.206,4,24,16,0,0,1,5,0
0.638,2,48,24,0,0,0,18,1
0.986,4,5,8,0,0,1,0,1
0.617,5,24,26,1,0,1,10,1
0.861,4,24,7,0,0,1,21,1
0.505,1,72,30,0,0,1,6,0
0.395,1,5,18,0,0,1,17,1
0.574,4,48,4,0,0,1,23,0
0.574,5,48,26,0,0,1,3,1
0.328,2,48,6,0,0,1,10,0
0.795,5,72,6,0,0,0,2,1
0.349,5,72,18,0,0,0,1,0
0.627,5,48,27,0,0,1,11,1
0.292,2,5,20,0,0,1,18,1
0.186,3,5,3,0,0,0,19,0
0.134,5,24,15,0,0,0,17,0
0.997,4,72,0,0,0,1,2,1
0.255,1,72,2,1,0,0,14,0
0.323,2,48,17,0,0,1,8,0
0.373,1,5,6,0,0,1,6,0
0.143,4,24,13,0,0,0,8,0
0.676,4,5,16,0,0,1,6,1
0.575,5,5,13,0,0,0,21,1
0.627,1,24,5,0,0,1,19,0
0.765,3,48,3,0,0,0,10,0
0.893,2,72,3,0,0,1,13,0
0.96,1,5,24,0,0,1,23,1
0.035,3,24,18,0,0,1,15,0
0.47,3,24,23,0,0,0,14,1
0.251,2,5,19,1,0,0,11,1
0.826,4,5,5,0,0,1,5,1
0.924,1,24,27,0,0,1,23,1
0.45,2,5,8,0,1,1,22,1
0.592,3,5,18,0,0,0,7,1
0.643,1,72,22,0,0,1,4,0
0.277,4,5,18,0,0,1,12,1
0.866,5,72,6,0,0,0,9,1
0.186,1,48,26,0,0,1,13,0
0.534,5,5,1,0,0,1,22,1
0.05,1,24,17,0,0,1,4,0
0.032,3,24,12,0,0,1,18,0
0.409,5,5,0,0,0,1,1,1
0.243,3,5,0,0,0,1,6,0
0.035,4,24,5,1,0,0,18,0
0.509,1,72,15,0,0,0,8,0
0.922,3,72,25,1,0,1,17,1
0.964,4,5,14,0,0,1,4,1
0.76,3,24,5,0,0,1,4,1
0.215,5,48,24,1,0,0,21,1
0.583,3,72,25,0,0,1,0,1
0.183,3,48,3,0,0,1,20,0
0.818,5,5,21,0,0,0,11,1
0.351,4,5,4,1,0,1,17,1
0.842,2,72,17,0,0,1,23,0
0.536,4,48,15,0,0,0,16,1
0.127,4,72,1,0,0,1,14,0
0.511,2,72,26,0,0,0,3,0
0.491,5,24,2,0,1,1,23,1
0.529,2,72,19,0,0,0,10,0
0.279,3,72,8,0,0,1,3,0
0.965,4,48,8,0,0,0,5,1
0.166,4,24,27,1,0,1,6,1
0.002,1,5,17,0,0,1,22,0
0.453,5,5,19,1,0,1,18,1
0.121,1,72,25,1,0,0,2,0
0.753,2,24,4,0,0,1,18,1
0.945,5,72,23,0,1,1,23,1
0.543,1,72,15,0,0,1,0,0
0.816,5,48,21,0,0,0,23,1
0.953,1,5,16,0,0,1,17,1
0.694,3,24,24,0,0,1,0,1
0.26,1,5,11,0,0,1,13,0
0.322,5,48,9,0,0,0,13,0
0.716,1,5,17,0,0,1,4,1
0.539,1,24,29,0,0,1,9,0
0.149,4,24,1,0,0,1,8,0
0.905,4,24,25,0,0,1,9,1
0.931,3,72,0,1,0,1,17,0
0.552,3,5,17,1,0,1,5,1
0.975,3,5,9,0,0,1,1,1
0.602,2,5,8,0,1,1,17,1
0.143,1,5,2,0,0,1,4,0
0.99,4,5,11,1,1,0,17,1
0.012,4,72,24,0,0,0,23,0
0.754,3,72,23,1,0,1,4,1
0.419,2,48,12,0,1,1,10,0
0.366,2,48,15,0,0,1,13,0
0.999,5,24,5,0,0,1,4,1
0.668,2,72,14,0,0,0,22,0
0.935,4,24,27,0,0,0,19,1
0.884,4,72,16,0,0,1,15,1
0.081,2,5,20,0,1,1,3,0
0.303,5,72,9,0,0,1,8,0
0.308,3,72,28,0,0,1,3,0
0.336,4,48,19,0,0,1,18,0
0.017,4,48,25,0,0,0,3,0
0.612,2,5,16,0,0,0,13,1
0.225,5,48,16,0,0,1,2,0
0.277,4,5,12,0,0,1,3,1
0.993,2,5,5,0,0,1,23,1
0.802,2,24,27,1,0,1,19,1
0.528,1,24,15,0,0,1,16,0
0.987,2,24,1,0,0,1,17,1
0.623,1,5,2,0,1,1,9,0
0.475,1,24,3,0,0,1,14,0
0.555,1,5,28,0,0,0,11,1
0.617,1,48,3,0,0,0,14,0
0.329,3,5,20,0,0,1,7,1
0.166,1,5,15,0,0,1,14,0
0.003,2,72,19,0,0,1,13,0
0.027,5,5,24,0,0,1,6,1
0.879,5,72,8,0,0,1,15,1
0.227,4,72,17,0,0,1,9,0
0.674,5,48,25,0,0,1,0,1
0.257,3,24,25,0,0,1,5,1
0.824,4,5,25,0,0,0,17,1
0.456,4,72,0,0,0,1,2,0
0.69,2,48,22,0,0,1,10,1
0.115,4,48,26,0,1,1,0,0
0.364,5,48,28,0,0,1,23,1
0.62,2,24,9,0,0,1,0,1
0.913,4,5,26,1,0,1,3,1
0.071,4,48,24,0,0,1,9,0
0.794,2,48,7,0,0,1,0,0
0.88,3,72,13,0,0,1,18,0
0.856,1,48,15,0,0,1,3,1
0.77,4,72,10,0,0,1,18,0
0.098,3,48,4,0,0,1,21,0
0.462,2,72,0,0,0,1,23,0
0.37,3,72,24,0,0,1,14,0
0.461,1,72,3,0,0,0,15,0
0.641,2,72,21,0,0,1,9,0
0.53,2,72,9,0,0,1,10,0
0.672,4,5,5,0,0,0,12,1
0.403,2,72,5,0,0,0,14,0
0.251,1,72,20,0,0,1,2,0
0.706,3,24,23,0,0,1,22,1
0.604,2,72,23,0,0,1,21,0
0.797,5,72,18,0,0,1,11,1
0.26,3,5,21,0,0,0,15,1
0.418,1,48,19,0,0,1,0,0
0.682,3,72,14,1,0,1,14,0
0.339,3,24,13,0,0,0,7,0
0.527,2,24,15,0,0,0,14,0
0.18,2,24,30,0,0,1,2,0
0.83,4,72,19,0,0,1,1,1
0.158,5,48,3,0,0,1,17,0
0.375,1,72,30,0,0,0,5,0
0.898,4,5,3,0,0,1,12,1
0.829,1,72,17,1,1,1,0,0
0.806,1,72,29,0,0,1,10,0
0.941,3,24,6,0,0,1,8,1
0.224,1,72,5,0,0,1,7,0
0.005,2,5,23,0,0,1,5,0
0.616,5,48,3,0,0,1,4,1
0.158,4,24,17,0,0,1,12,1
0.652,3,72,1,0,0,1,12,0
0.824,4,24,17,0,0,1,15,1
0.749,5,48,0,0,1,0,13,1
0.003,4,48,24,0,0,1,17,0
0.715,1,24,19,1,0,1,11,1
0.944,2,5,8,0,0,1,7,1
0.157,2,24,6,0,0,1,2,0
0.81,3,48,27,0,0,0,7,1
0.284,1,24,27,0,0,1,17,0
0.783,5,24,24,0,0,1,7,1
0.163,4,24,0,0,1,1,23,0
0.645,1,24,26,0,0,1,5,1
0.058,3,72,10,0,0,1,1,0
0.243,4,72,6,1,0,1,8,0
0.906,4,24,19,0,0,1,6,1
0.342,1,24,5,0,1,1,15,0
0.723,2,72,27,0,0,1,16,0
0.399,4,5,28,0,0,0,13,1
0.809,2,5,0,0,0,1,17,1
0.315,2,48,1,0,0,1,22,0
0.332,1,48,3,0,0,1,18,0
0.3,1,72,15,0,0,1,14,0
0.127,3,24,4,0,0,1,8,0
0.675,5,5,18,0,0,1,17,1
0.041,4,72,26,0,0,0,5,0
0.986,4,48,3,0,0,1,10,1
0.543,3,72,8,1,0,1,11,0
0.53,5,24,24,0,0,0,4,1
0.172,5,48,12,0,0,0,11,0
0.217,3,48,2,0,0,1,5,0
0.35,1,24,11,0,0,1,5,0
0.989,4,24,17,0,0,1,5,1
0.091,2,24,7,0,0,1,5,0
0.788,5,72,12,0,0,1,13,1
0.262,3,5,30,0,0,1,15,1
0.647,1,24,19,1,0,1,7,1
0.763,5,24,4,0,0,1,18,1
0.852,1,72,30,1,0,1,21,1
0.4,4,5,29,0,0,0,15,1
0.87,4,48,6,0,0,1,0,1
0.228,2,24,8,0,0,1,4,0
0.673,2,24,25,0,1,0,19,1
0.713,4,48,4,0,0,1,8,0
0.288,2,72,5,0,0,1,11,0
0.42,1,72,27,0,0,1,5,0
0.045,3,72,25,1,0,1,16,0
0.02,1,72,19,0,0,1,5,0
0.169,5,24,14,0,0,1,15,1
0.269,4,48,25,0,0,1,14,0
0.997,2,48,27,0,0,1,12,1
0.137,5,5,8,0,0,1,23,1
0.063,1,5,19,0,0,1,10,0
0.944,2,5,12,0,0,0,19,1
0.798,5,24,15,0,0,1,9,1
0.648,4,5,9,0,0,0,8,1
0.457,4,72,2,0,0,1,11,0
0.256,4,72,4,0,0,1,17,0
0.901,1,48,21,0,0,1,16,1
0.571,1,24,14,0,0,1,3,1
0.517,3,5,22,0,0,1,0,1
0.236,4,72,1,0,1,1,14,0
0.425,5,24,6,1,0,1,6,1
0.405,1,24,5,0,0,0,15,0
0.642,1,5,24,0,0,1,10,1
0.76,5,5,12,0,0,1,9,1
0.169,5,72,12,1,0,0,20,0
0.022,3,24,4,0,0,1,20,0
0.423,1,72,21,0,1,1,5,0
0.763,4,24,18,0,0,0,15,1
0.81,5,24,24,0,0,1,18,1
0.93,4,5,17,0,0,0,6,1
0.233,1,72,23,0,1,1,9,0
0.172,5,48,5,1,0,1,21,0
0.234,1,24,30,0,0,1,22,0
0.282,5,72,14,1,0,1,19,0
0.539,2,5,11,0,0,1,8,1
0.912,3,24,25,1,0,0,21,1
0.075,5,5,13,0,0,1,20,1
0.641,2,5,10,0,0,0,1,1
0.65,3,24,28,0,0,1,6,1
0.775,1,72,1,0,0,1,9,0
0.88,2,5,16,0,1,1,2,1
0.402,5,24,19,0,0,1,9,1
0.842,3,5,21,0,0,1,21,1
0.339,5,24,20,0,0,1,13,1
0.423,5,5,23,0,0,0,5,1
0.406,2,5,17,1,0,1,19,1
0.057,2,72,6,0,0,1,6,0
0.595,2,48,10,0,0,0,0,0
0.011,3,24,9,0,0,1,19,0
0.09,2,24,14,0,1,1,8,0
0.405,1,24,19,0,0,1,9,0
0.318,3,5,11,0,0,1,16,1
0.7,4,48,24,0,0,0,12,1
0.272,5,24,3,0,0,1,15,1
0.369,4,72,4,0,0,1,1,0
0.807,5,72,9,0,0,1,18,1
0.968,2,24,23,1,0,1,12,1
0.961,5,24,0,0,0,0,18,1
0.177,3,72,19,0,0,0,21,0
0.588,5,24,6,0,0,1,12,1
0.464,4,72,19,0,0,1,9,0
0.255,2,5,16,0,0,0,7,1
0.2,5,24,24,0,0,1,0,1
0.897,3,48,1,0,0,1,12,1
0.617,1,48,23,0,0,1,9,0
0.564,2,48,3,1,0,1,10,0
0.636,5,72,4,1,0,1,10,0
0.384,2,24,9,0,0,0,20,0
0.519,2,48,26,0,0,1,13,1
0.942,1,48,17,0,0,0,18,1
0.827,5,5,20,0,0,1,0,1
0.659,2,5,14,0,0,0,13,1
0.978,2,48,27,0,0,0,9,1
0.121,2,48,7,0,0,1,19,0
0.405,1,5,15,0,0,1,15,0
0.35,2,72,2,0,0,1,1,0
0.334,5,5,18,0,0,1,1,1
0.732,3,48,8,0,0,1,8,1
0.026,5,72,27,0,0,0,0,0
0.47,3,5,24,0,1,1,1,1
0.688,3,5,15,0,0,1,17,1
0.078,3,72,6,0,1,0,17,0
0.509,3,48,17,0,0,0,10,0
0.452,3,72,21,0,0,1,12,0
0.492,4,5,1,0,0,0,0,1
0.319,3,5,17,0,1,0,19,1
0.712,2,24,2,0,1,1,12,1
0.16,1,24,16,0,0,1,21,0
0.628,1,72,17,0,0,1,19,0
0.091,4,48,22,0,0,0,23,0
0.721,2,24,1,0,0,1,8,0
0.503,5,5,24,0,0,1,23,1
0.558,1,24,1,0,0,1,19,0
0.839,3,24,2,1,0,0,12,1
0.096,5,48,17,0,1,1,12,0
0.658,1,72,1,0,0,1,5,0
0.314,5,72,21,1,0,1,22,1
0.48,1,24,29,0,0,1,2,1
0.746,5,48,23,0,0,0,15,1
0.998,2,72,5,0,0,1,0,0
0.976,2,72,2,0,0,1,15,0
0.907,1,24,29,0,0,1,1,1
0.042,4,24,13,0,0,1,16,0
0.088,4,48,26,1,0,1,6,0
0.592,2,5,25,0,0,1,4,1
0.262,2,24,24,0,0,1,22,0
0.231,1,24,12,1,0,1,1,0
0.967,3,72,29,0,0,0,20,1
0.137,3,48,23,0,0,1,10,0
0.091,5,5,20,0,0,1,11,1
0.529,3,48,24,0,0,1,5,1
0.686,2,5,15,0,1,1,12,1
0.97,4,5,25,0,0,1,0,1
0.296,2,72,28,0,1,1,2,0
0.365,1,48,30,0,1,1,21,0
0.951,4,72,25,1,0,1,14,1
0.373,2,48,9,1,0,1,14,0
0.057,4,48,23,0,0,1,10,0
0.988,4,5,10,0,0,0,2,1
0.932,5,72,13,0,0,0,12,1
0.43,4,5,17,0,0,1,15,1
0.671,4,72,17,0,0,1,5,0
0.994,4,72,25,0,0,1,0,1
0.1,2,24,0,0,0,1,6,0
0.144,5,72,6,0,0,1,12,0
0.04,5,24,10,0,0,1,14,0
0.859,2,48,5,0,0,1,22,1
0.721,3,24,1,0,0,1,3,1
0.992,1,72,19,0,0,1,8,1
0.212,3,72,21,1,0,1,19,0
0.673,3,48,27,1,0,1,4,1
0.058,4,48,13,0,0,1,17,0
0.124,1,72,25,0,0,1,5,0
0.432,2,24,15,0,0,1,2,0
0.726,1,72,12,0,0,1,14,0
0.559,1,24,12,0,0,1,19,0
0.304,3,5,23,0,0,0,9,1
0.132,4,48,0,0,0,1,11,0
0.428,4,24,11,0,1,0,5,1
0.04,4,24,25,0,0,1,12,0
0.795,4,5,9,0,0,1,20,1
0.104,2,72,23,0,0,1,19,0
0.258,5,72,1,0,0,1,10,0
0.282,2,24,26,0,0,1,4,1
0.222,5,48,28,0,0,1,17,1
0.935,5,5,21,0,0,1,17,1
0.228,1,5,22,1,0,1,22,0
0.876,2,24,26,0,0,0,15,1
0.827,2,48,12,0,0,1,2,0
0.774,5,24,29,0,0,1,17,1
0.058,5,48,2,0,1,1,23,0
0.723,5,48,12,0,0,1,17,1
0.969,4,5,24,0,0,1,19,1
0.775,4,24,28,0,0,1,19,1
0.445,2,72,25,1,0,1,4,0
0.384,2,5,3,0,0,1,14,0
0.406,3,48,15,0,0,1,10,0
0.358,4,48,3,0,0,1,8,0
0.052,5,72,10,0,0,0,4,0
0.057,1,72,12,0,0,1,8,0
0.26,5,72,29,0,0,0,6,0
0.407,5,72,0,0,0,1,15,0
0.73,4,5,30,0,0,0,9,1
0.268,2,72,1,0,0,1,1,0
0.736,2,5,19,0,0,1,8,1
0.012,4,5,26,0,0,0,18,1
0.135,3,48,4,0,0,1,19,0
0.013,3,5,14,0,0,1,22,0
0.988,1,48,15,0,0,1,21,1
0.337,5,5,4,0,0,1,19,1
0.147,1,24,2,0,0,0,4,0
0.28,1,72,6,0,0,1,18,0
0.665,4,48,17,0,0,1,3,1
0.067,4,48,29,0,0,1,16,0
0.724,5,48,25,0,0,1,8,1
0.42,2,24,5,0,0,1,11,0
0.377,5,48,5,0,0,1,16,0
0.849,4,24,22,1,0,0,6,1
0.642,1,48,2,0,0,0,2,0
0.501,3,24,28,0,0,1,9,1
0.549,1,72,29,0,0,1,7,0
0.119,5,5,4,0,0,1,18,1
0.708,4,48,26,0,0,1,20,1
0.671,5,48,25,0,0,1,8,1
0.791,4,72,10,0,0,1,17,0
0.685,4,24,14,0,0,1,15,1
0.558,3,48,16,0,0,1,5,1
0.55,5,48,17,0,0,1,4,1
0.685,4,5,4,0,0,1,3,1
0.786,5,5,20,0,0,1,17,1
0.928,5,72,27,0,0,1,4,1
0.027,4,5,29,0,0,0,19,1
0.118,4,24,7,0,0,1,12,0
0.893,2,48,28,0,0,0,21,1
0.902,1,24,22,0,0,1,16,1
0.862,2,24,10,0,0,0,14,1
0.102,2,24,3,0,0,1,10,0
0.905,3,24,20,1,0,1,23,1
0.274,3,48,1,0,0,1,3,0
0.311,3,72,30,1,0,1,4,0
0.978,3,5,6,0,0,1,20,1
0.819,5,5,23,1,0,0,14,1
0.538,2,24,20,0,0,1,11,1
0.292,4,72,18,0,1,0,7,0
0.423,4,48,26,1,0,0,19,1
0.219,4,24,27,1,0,1,14,1
0.16,2,72,7,1,0,1,23,0
0.038,5,5,10,0,0,1,20,1
0.822,2,24,9,1,0,1,2,1
0.627,3,24,18,0,0,0,6,1
0.795,4,48,12,0,0,1,18,1
0.283,1,72,8,0,0,1,13,0
0.003,1,24,28,0,0,1,18,0
0.646,3,5,7,0,0,1,15,1
0.889,5,48,26,0,0,0,9,1
0.996,5,24,17,0,0,0,6,1
0.029,2,72,30,0,0,0,0,0
0.646,4,24,3,0,0,1,14,1
0.746,4,72,13,0,1,0,23,1
0.241,2,5,4,0,0,1,22,0
0.269,5,5,2,0,0,1,13,1
0.891,4,48,19,0,0,0,19,1
0.15,3,48,26,0,0,1,5,0
0.777,3,5,14,0,0,1,9,1
0.809,1,5,17,0,0,1,6,1
0.585,3,72,28,0,0,1,5,0
0.486,4,72,27,0,0,1,1,1
0.927,5,48,0,0,0,1,2,1
0.979,3,48,29,0,0,1,4,1
0.911,2,5,9,0,0,1,8,1
0.276,1,48,21,0,0,1,11,0
0.261,5,72,16,0,0,1,2,0
0.688,3,5,18,0,0,1,13,1
0.514,1,48,16,1,0,1,15,0
0.086,2,5,10,1,1,1,15,0
0.171,1,5,15,0,1,1,1,0
0.405,5,48,13,0,0,1,1,1
0.548,1,24,27,0,0,1,23,1
0.942,2,24,0,0,1,1,5,1
0.432,3,48,29,0,0,0,4,1
0.741,1,48,25,0,0,1,3,1
0.256,5,24,0,1,0,1,7,1
0.74,2,24,4,0,0,1,10,1
0.977,2,24,21,0,0,1,0,1
0.663,5,5,27,1,0,1,9,1
0.576,2,24,20,0,0,1,3,1
0.158,5,48,10,0,0,1,4,0
0.186,4,48,24,0,0,1,0,0
0.584,4,72,6,0,0,1,18,0
0.248,4,72,20,0,0,1,18,0
0.625,2,72,26,0,0,0,10,0
0.997,4,48,26,0,0,1,12,1
0.37,2,5,19,0,0,1,15,1
0.369,2,72,27,0,0,1,14,0
0.949,4,72,23,0,0,1,18,1
0.7,4,24,24,0,0,1,10,1
0.154,2,72,15,0,0,1,15,0
0.641,4,24,23,0,0,1,6,1
0.287,5,48,16,0,0,1,13,0
0.393,5,24,9,0,0,1,19,1
0.759,1,72,3,0,0,0,2,0
0.897,5,24,22,0,1,1,6,1
0.38,4,24,24,0,1,1,17,1
0.815,5,5,17,0,0,1,6,1
0.979,3,72,25,0,0,0,14,1
0.323,3,24,23,0,0,1,22,1
0.751,2,24,19,1,0,0,18,1
0.301,2,72,26,0,0,1,21,0
0.642,4,48,18,0,0,1,21,1
0.682,5,24,6,0,0,1,12,1
0.35,5,5,3,0,0,1,8,1
0.034,1,24,7,0,0,1,21,0
0.482,2,48,17,0,0,0,17,0
0.265,1,5,27,0,0,1,8,0
0.091,4,5,9,0,0,1,2,0
0.048,3,24,28,0,0,1,13,0
0.926,4,5,23,0,0,1,7,1
0.122,2,48,16,0,0,1,8,0
0.996,2,48,6,1,1,1,21,1
0.837,5,5,6,0,0,1,15,1
0.702,1,72,3,0,0,1,18,0
0.926,1,24,9,0,0,1,16,1
0.655,3,5,3,0,0,0,9,1
0.909,1,24,13,0,0,1,9,1
0.188,1,24,17,0,1,0,15,0
0.971,4,5,25,0,0,1,4,1
0.284,1,5,22,0,0,1,1,1
0.663,2,72,2,0,0,1,5,0
0.176,4,48,28,1,0,1,15,0
0.065,4,48,16,0,0,1,19,0
0.57,5,24,1,1,0,0,22,1
0.433,3,72,6,0,0,1,4,0
0.184,1,72,4,0,0,1,12,0
0.259,1,72,0,0,0,0,20,0
0.111,2,5,26,0,0,0,5,1
0.787,5,72,24,0,0,1,20,1
0.412,5,5,21,0,0,0,15,1
0.141,4,72,5,0,0,1,21,0
0.229,5,24,5,0,0,1,8,0
0.866,5,24,11,0,0,1,0,1
0.039,5,48,14,0,0,1,3,0
0.936,3,5,26,0,0,1,14,1
0.165,5,24,29,0,0,1,3,1
0.936,3,72,17,0,0,1,7,1
0.927,1,5,0,0,0,1,22,1
0.243,1,48,27,0,0,1,3,0
0.263,4,72,25,0,0,1,17,0
0.085,5,24,0,0,0,1,17,0
0.968,2,72,17,0,0,1,7,0
0.621,4,48,29,0,0,1,19,1
0.319,3,48,30,0,0,1,18,0
0.768,5,48,5,0,0,0,19,1
0.566,1,48,11,0,0,0,13,0
0.067,1,72,10,0,0,1,8,0
0.894,1,72,10,0,0,0,13,0
0.069,5,5,4,0,0,1,6,0
0.398,5,24,20,0,0,1,14,1
0.499,2,48,25,0,1,1,5,1
0.141,3,24,6,0,1,1,2,0
0.126,1,48,10,0,0,1,10,0
0.315,3,5,12,0,0,0,0,1
0.165,4,5,7,0,0,1,19,0
0.676,3,48,5,0,0,1,17,0
0.139,4,24,1,0,0,1,13,0
0.905,5,5,14,0,0,0,19,1
0.131,3,5,13,0,0,1,3,0
0.241,2,72,12,0,0,0,0,0
0.986,3,5,6,0,0,1,1,1
0.78,3,5,5,0,0,1,1,1
0.239,2,24,11,0,0,1,19,0
0.058,1,24,22,0,0,1,4,0
0.341,3,72,2,0,0,0,9,0
0.449,5,24,7,1,0,1,6,1
0.234,4,72,14,0,0,1,10,0
0.441,3,24,14,1,0,1,11,1
0.614,1,5,21,0,0,0,22,1
0.058,2,72,20,0,0,1,18,0
0.087,3,72,17,1,0,0,19,0
0.132,1,5,12,0,0,0,0,0
0.826,4,24,10,0,0,1,3,1
0.586,1,24,12,0,0,1,16,0
0.221,4,5,2,0,0,1,0,1
0.939,2,72,26,0,0,1,17,1
0.697,2,5,6,0,0,1,20,1
0.38,5,24,4,0,0,1,8,1
0.659,2,72,13,0,1,0,6,0
0.139,1,5,24,0,0,0,11,0
0.428,3,24,13,0,0,1,11,1
0.144,2,48,10,0,0,0,7,0
0.834,4,48,29,0,0,0,8,1
0.511,5,72,5,0,0,1,22,0
0.12,3,72,20,0,1,1,4,0
0.419,4,48,27,1,0,1,13,1
0.751,4,72,5,0,0,1,0,0
0.584,2,48,21,0,0,1,18,1
0.437,3,5,5,0,0,0,14,1
0.857,1,48,29,0,0,1,4,1
0.864,3,5,14,1,0,1,4,1
0.453,2,24,6,0,0,1,1,0
0.699,3,48,2,0,0,1,23,0
0.395,4,24,21,0,0,0,16,1
0.004,1,24,28,0,0,0,1,0
0.72,5,48,16,0,0,0,17,1
0.993,2,72,27,0,0,1,16,1
0.977,5,72,15,0,0,1,12,1
0.336,3,48,28,0,0,1,17,0
0.917,3,5,3,0,0,1,2,1
0.931,3,5,26,0,0,1,3,1
0.292,1,72,11,0,0,1,22,0
0.541,1,24,30,0,0,1,23,1
0.286,1,5,9,1,0,1,12,0
0.34,2,48,6,0,0,1,20,0
0.31,3,48,16,1,1,1,3,0
0.516,3,72,9,0,0,0,17,0
0.091,5,5,4,0,0,1,12,0
0.527,5,24,15,0,0,1,16,1
0.424,5,72,3,1,0,0,12,0
0.579,5,24,21,0,0,1,1,1
0.865,3,24,11,0,0,1,18,1
0.327,2,48,7,0,0,1,20,0
0.761,2,48,5,0,0,1,22,0
0.56,1,48,17,0,0,1,15,0
0.208,2,5,4,0,0,1,14,0
0.754,4,24,8,0,0,0,22,1
0.32,5,48,30,0,0,1,17,1
0.19,1,72,4,0,0,1,7,0
0.715,2,72,25,0,0,1,3,1
0.76,3,24,10,0,0,1,12,1
0.78,1,5,14,0,0,1,4,1
0.279,2,48,21,0,0,1,1,0
0.659,4,72,3,0,0,0,13,0
0.678,5,72,3,0,0,1,12,0
0.455,3,5,19,0,0,1,7,1
0.779,1,5,19,0,0,0,9,1
0.986,4,48,6,0,0,0,5,1
0.088,1,48,7,0,0,1,11,0
0.478,2,72,1,0,0,0,18,0
0.908,3,5,23,0,1,1,4,1
0.031,1,24,12,0,0,1,8,0
0.91,5,72,27,0,0,1,9,1
0.714,3,72,28,1,0,1,12,1
0.091,3,72,7,0,0,0,20,0
0.284,2,24,0,0,0,0,15,0
0.817,4,72,11,0,0,1,17,1
0.858,5,24,23,0,0,1,1,1
0.735,2,5,17,0,1,1,23,1
0.017,1,5,17,0,0,0,15,0
0.401,2,5,28,0,0,0,10,1
0.845,2,72,19,0,0,1,0,1
0.058,1,5,16,0,0,1,14,0
0.727,3,5,5,0,0,1,22,1
0.064,5,24,19,0,0,1,8,0
0.633,4,72,2,0,0,1,20,0
0.789,1,24,4,0,0,1,18,1
0.459,3,72,27,1,0,1,2,0
0.863,1,5,11,0,0,1,23,1
0.862,4,72,29,0,0,1,4,1
0.585,1,48,4,0,0,1,13,0
0.356,1,5,12,0,0,1,3,0
0.479,2,24,13,0,0,1,21,0
0.025,4,24,14,0,0,1,13,0
0.444,5,5,18,0,0,1,2,1
0.99,3,24,5,0,0,1,22,1
0.609,4,48,18,0,0,1,3,1
0.341,4,72,14,0,0,1,15,0
0.025,2,48,30,0,1,1,2,0
0.941,3,5,24,0,0,0,10,1
0.583,5,5,30,0,0,0,11,1
0.351,1,72,2,0,0,1,13,0
0.873,3,5,0,0,0,1,22,1
0.523,4,72,11,0,0,1,20,0
0.141,2,5,3,1,0,1,0,0
0.507,1,72,8,0,0,1,21,0
0.345,2,24,7,0,0,1,3,0
0.016,2,5,0,0,0,1,4,0
0.785,4,72,4,0,0,1,7,0
0.793,3,5,22,0,0,0,2,1
0.763,3,72,30,0,0,0,21,1
0.496,1,72,17,0,0,1,9,0
0.373,3,48,23,1,0,1,17,0
0.663,4,48,29,0,0,1,8,1
0.787,5,24,21,0,0,1,13,1
0.855,4,24,13,0,0,1,7,1
0.861,4,72,11,0,1,1,19,1
0.159,4,24,21,0,0,1,23,1
0.597,3,5,11,1,0,1,1,1
0.721,5,24,17,0,0,1,0,1
0.197,2,24,18,1,0,1,23,0
0.142,5,48,8,0,0,1,21,0
0.562,1,5,13,0,0,1,11,1
0.133,1,48,10,1,0,1,9,0
0.227,1,24,29,0,0,1,21,0
0.824,4,48,6,1,0,0,3,1
0.657,5,5,8,0,0,1,14,1
0.149,4,72,28,0,0,1,1,0
0.496,5,24,17,0,0,1,2,1
0.757,1,5,18,0,0,1,9,1
0.357,2,72,22,1,0,1,5,0
0.108,4,24,7,0,0,0,4,0
0.668,4,48,30,0,0,0,5,1
0.257,1,24,24,0,0,1,16,0
0.655,4,24,0,0,0,1,7,1
0.832,2,5,25,0,0,1,2,1
0.494,1,48,10,1,0,1,18,0
0.918,2,72,14,0,0,0,6,1
0.229,5,5,9,0,0,1,9,1
0.057,3,24,12,0,1,1,17,0
0.722,1,24,8,0,0,1,12,1
0.606,1,5,22,0,0,1,20,1
0.895,5,24,20,0,0,1,7,1
0.085,1,24,21,0,0,1,20,0
0.016,2,5,30,0,0,1,10,0
0.91,2,24,16,1,0,1,2,1
0.731,4,24,26,0,0,1,7,1
0.9,3,72,6,0,0,1,0,0
0.565,4,72,0,0,0,0,23,0
0.729,3,24,1,0,0,1,5,1
0.776,4,24,17,0,0,0,23,1
0.638,1,24,19,0,0,0,1,1
0.779,3,5,19,0,0,1,21,1
0.679,3,5,17,0,0,0,17,1
0.045,2,24,14,0,1,0,3,0
0.281,1,5,17,0,0,1,17,0
0.169,2,24,1,0,0,1,2,0
0.672,5,5,23,0,0,1,0,1
0.565,1,72,7,0,0,1,16,0
0.306,4,72,15,0,1,1,2,0
0.717,1,72,29,1,0,1,17,1
0.794,5,48,3,0,0,1,2,1
0.882,5,5,19,0,0,1,11,1
0.473,5,72,11,0,0,1,14,0
0.078,4,72,23,0,0,0,16,0
0.75,4,24,18,0,0,1,12,1
0.441,2,5,11,0,0,1,17,0
0.525,3,5,5,0,0,1,22,1
0.289,4,5,9,0,0,1,15,1
0.728,1,48,30,0,1,1,3,1
0.174,1,48,5,0,0,1,17,0
0.207,4,48,15,1,0,1,17,0
0.387,5,72,29,1,0,1,7,1
0.278,2,72,21,0,0,1,7,0
0.079,3,24,23,0,0,1,19,0
0.644,4,5,12,0,0,1,8,1
0.743,2,5,2,0,0,1,8,1
0.519,1,5,17,1,0,0,12,1
0.848,4,48,21,0,0,0,23,1
0.252,5,72,28,0,0,1,1,0
0.93,2,5,15,0,0,0,10,1
0.356,1,5,30,0,1,1,6,1
0.685,3,72,27,0,0,1,3,1
0.461,3,48,14,0,0,0,3,0
0.305,4,24,15,0,0,1,6,1
0.69,5,5,12,0,0,1,3,1
0.643,1,72,2,0,0,1,21,0
0.115,2,24,13,0,0,1,15,0
0.527,3,5,24,0,0,1,1,1
0.673,5,48,23,0,0,1,7,1
0.421,2,5,4,0,0,1,19,0
0.145,3,48,3,0,0,0,22,0
0.323,1,48,26,0,0,1,3,0
0.991,2,72,25,1,0,1,18,1
0.358,1,24,23,0,0,1,10,0
0.776,5,24,0,0,0,1,16,1
0.338,5,5,20,0,0,1,18,1
0.136,3,5,17,0,0,0,22,1
0.483,2,48,20,0,0,1,16,0
0.877,2,72,6,0,0,1,4,0
0.657,3,5,22,0,0,1,20,1
0.851,3,5,22,0,0,0,7,1
0.061,2,24,23,0,0,0,3,0
0.1,3,48,8,0,0,1,8,0
0.985,1,24,22,0,0,0,0,1
0.308,4,48,22,0,0,1,16,0
0.065,3,72,8,1,0,1,9,0
0.192,5,5,28,0,1,1,20,1
0.839,1,5,16,0,0,0,21,1
0.78,1,24,10,0,0,1,18,1
0.175,2,24,15,0,0,1,13,0
0.775,5,48,7,0,0,1,2,1
0.625,5,24,19,0,0,0,9,1
0.654,2,48,0,0,0,1,6,0
0.191,3,24,30,0,0,1,23,1
0.436,5,48,23,1,0,0,9,1
0.249,5,24,12,0,0,1,10,1
0.269,3,5,18,0,0,0,17,1
0.936,5,48,19,0,0,1,20,1
0.249,4,72,9,0,0,1,15,0
0.045,4,5,25,0,0,1,18,1
0.34,2,72,6,0,0,1,19,0
0.667,5,72,13,0,0,1,14,1
0.701,4,5,27,0,0,1,2,1
0.621,1,5,0,0,0,1,22,0
0.448,3,72,15,0,0,1,0,0
0.077,5,72,30,1,0,1,9,0
0.887,2,24,9,0,0,1,20,1
0.575,3,5,28,0,0,1,0,1
0.782,4,24,15,0,1,0,23,1
0.901,5,72,2,0,0,1,10,0
0.124,1,24,10,1,0,0,17,0
0.706,4,72,23,0,0,0,16,0
0.071,4,24,16,0,0,0,13,0
0.868,4,24,10,0,0,1,2,1
0.079,2,72,17,0,0,1,19,0
0.002,3,48,4,0,0,1,11,0
0.759,1,24,12,0,0,0,23,1
0.254,3,24,20,0,0,0,12,0
0.719,2,5,17,1,0,1,11,1
0.422,4,5,14,0,0,0,9,1
0.357,4,72,5,0,0,1,12,0
0.313,1,72,26,0,0,0,11,0
0.684,2,48,26,0,0,1,6,1
0.46,3,5,30,0,0,1,13,1
0.281,3,24,0,0,0,1,2,0
0.445,2,48,2,1,0,0,20,0
0.059,5,5,25,1,0,1,8,1
0.796,3,72,11,0,0,1,23,0
0.244,3,72,11,0,0,0,21,0
0.412,1,5,27,0,0,1,18,1
0.07,2,48,18,0,0,0,2,0
0.689,5,72,26,0,0,1,21,1
0.502,4,48,12,0,0,1,14,0
0.093,4,72,21,1,0,1,13,0
0.651,4,24,22,0,0,1,11,1
0.978,5,48,0,0,0,1,5,1
0.692,1,24,18,0,0,0,0,1
0.838,2,72,5,0,1,1,2,0
0.088,4,72,1,0,0,0,6,0
0.838,3,72,23,0,0,1,9,1
0.828,1,24,10,0,0,1,23,1
0.166,2,72,20,0,0,1,23,0
0.755,4,72,9,0,0,1,3,1
0.969,3,5,16,0,1,1,11,1
0.901,4,48,17,0,0,0,16,1
0.365,2,5,15,0,0,0,19,1
0.577,3,5,29,0,0,0,10,1
0.519,1,72,14,0,0,1,6,0
0.097,2,48,17,0,0,1,22,0
0.732,2,5,26,0,0,1,22,1
0.816,3,24,3,0,0,1,23,1
0.978,1,5,5,1,0,1,6,1
0.99,3,72,2,0,0,0,11,0
0.849,1,48,7,1,1,1,0,1
0.533,1,5,19,0,0,1,17,1
0.768,3,72,13,0,0,1,9,0
0.886,1,24,19,0,0,0,19,1
0.153,4,48,21,1,0,1,3,1
0.972,4,72,22,0,1,0,22,1
0.636,2,48,4,0,0,1,13,0
0.925,2,5,20,0,0,1,5,1
0.381,5,72,30,0,0,1,15,0
0.932,1,5,0,0,0,1,20,1
0.937,3,72,4,0,0,1,22,1
0.146,1,72,29,0,0,1,23,0
0.805,5,72,30,0,0,1,10,1
0.717,1,48,21,0,0,0,0,0
0.147,5,72,0,0,1,1,5,0
0.832,3,5,13,0,0,0,8,1
0.805,5,48,1,0,1,0,20,1
0.729,5,48,13,0,0,1,3,1
0.329,3,72,25,0,0,1,16,0
0.443,4,48,13,0,0,1,7,1
0.389,1,72,20,0,0,0,0,0
0.992,2,72,0,0,0,1,21,0
0.903,1,5,6,0,0,1,23,1
0.857,5,48,23,0,0,1,9,1
0.589,1,48,14,0,0,0,7,0
0.128,2,48,28,1,0,1,20,0
0.564,2,24,21,0,0,0,8,1
0.759,4,72,26,0,0,1,18,1
0.368,5,24,27,0,0,1,17,1
0.76,1,24,4,0,0,1,16,0
0.427,3,72,15,0,0,1,19,0
0.279,5,24,15,0,0,1,18,1
0.147,2,48,20,0,0,1,11,0
0.709,5,24,29,0,0,1,22,1
0.276,1,48,16,0,0,0,13,0
0.761,1,72,13,0,0,1,11,0
0.072,3,72,9,0,0,1,19,0
0.935,1,5,18,0,0,1,5,1
0.11,2,5,2,0,0,1,20,0
0.922,2,24,16,0,0,1,9,1
0.6,4,72,13,0,0,1,8,0
0.694,1,5,8,1,0,0,17,1
0.839,3,24,14,0,0,0,12,1
0.747,1,48,10,0,0,1,7,0
0.892,1,72,15,0,0,0,12,0
0.138,2,5,20,0,0,0,9,0
0.063,5,24,22,0,0,1,23,1
0.683,5,48,23,1,0,0,11,1
0.723,2,24,27,1,0,1,10,1
0.089,2,72,5,0,0,1,12,0
0.512,3,72,0,0,0,0,15,0
0.082,5,5,19,0,0,1,2,1
0.678,3,48,3,0,0,1,6,0
0.429,3,24,16,0,0,1,20,1
0.57,3,72,14,0,0,1,1,0
0.362,3,48,20,0,0,0,7,0
0.432,4,72,3,0,0,1,4,0
0.83,3,5,15,0,0,1,3,1
0.36,4,72,3,0,0,1,10,0
0.462,2,48,19,0,0,1,21,0
0.537,2,24,11,0,0,1,12,1
0.223,3,72,9,1,0,0,11,0
0.62,3,24,7,0,0,0,11,1
0.834,5,48,15,0,0,1,16,1
0.409,1,24,25,0,0,0,20,0
0.777,4,24,7,0,0,0,20,1
0.002,1,72,3,0,0,0,14,0
0.096,4,72,23,0,0,1,9,0
0.349,3,48,1,0,0,0,11,0
0.402,1,72,0,0,0,1,2,0
0.616,1,5,24,1,0,0,14,1
0.646,5,5,15,0,0,1,16,1
0.68,4,24,3,0,0,0,7,1
0.771,5,72,14,0,0,0,13,1
0.24,3,72,1,0,0,1,17,0
0.779,2,24,25,0,0,1,0,1
0.19,5,72,29,0,0,1,19,0
0.405,2,48,15,0,0,1,2,0
0.268,1,24,22,0,0,1,21,0
0.456,2,48,24,0,0,1,4,0
0.025,2,48,5,0,0,1,23,0
0.591,3,5,4,0,0,1,13,1
0.104,2,24,30,0,0,1,20,0
0.322,2,72,2,0,0,0,17,0
0.978,3,48,12,0,0,1,8,1
0.273,3,24,5,0,0,1,2,0
0.098,5,48,2,0,0,1,0,0
0.144,2,5,22,0,0,0,13,0
0.78,5,48,27,0,0,1,4,1
0.946,3,24,6,0,0,1,3,1
0.443,5,24,29,0,0,1,12,1
0.469,4,5,23,0,0,1,15,1
0.971,2,72,12,0,0,1,13,0
0.689,1,72,5,0,0,1,17,0
0.516,5,5,21,0,0,0,7,1
0.886,2,72,27,0,0,1,19,1
0.299,5,5,12,1,0,1,7,1
0.02,3,5,30,0,0,1,0,1
0.131,1,72,21,1,0,1,11,0
0.1,4,24,18,0,0,1,5,1
0.332,2,5,19,0,0,1,10,0
0.402,1,24,5,1,0,0,0,0
0.51,3,48,16,1,0,0,7,1
0.994,5,24,24,0,0,1,19,1
0.004,3,72,7,0,0,1,9,0
0.254,5,24,24,0,0,1,5,1
0.304,1,24,29,0,0,1,11,0
0.635,4,5,29,0,0,0,14,1
0.929,1,72,22,1,1,1,14,1
0.893,3,5,4,0,0,1,10,1
0.392,5,24,24,0,0,1,7,1
0.559,1,72,24,0,0,0,13,0
0.009,3,24,9,0,0,0,18,0
0.455,2,5,20,0,0,1,7,1
0.58,4,72,10,0,0,0,8,0
0.34,1,48,17,0,0,1,9,0
0.983,2,5,17,1,0,1,10,1
0.162,1,72,19,0,0,0,18,0
0.299,4,72,26,1,0,1,18,0
0.307,4,48,9,0,0,1,4,0
0.79,2,24,12,0,0,1,8,1
0.68,2,5,19,0,0,1,11,1
0.011,4,72,23,0,0,0,20,0
0.408,2,24,29,0,0,1,14,1
0.89,4,48,14,1,0,1,13,1
0.223,4,24,28,0,0,1,21,1
0.055,4,24,11,0,0,1,5,0
0.032,5,24,9,0,0,1,7,0
0.143,5,24,8,0,1,1,22,0
0.835,4,48,22,0,0,1,11,1
0.191,4,72,10,0,0,1,16,0
0.482,1,5,25,0,0,1,17,1
0.532,3,24,3,1,0,0,16,1
0.256,3,48,30,0,0,0,10,0
0.444,3,24,11,0,1,1,13,1
0.638,4,72,0,0,1,1,4,0
0.249,1,72,1,0,0,0,10,0
0.964,2,24,17,0,0,0,5,1
0.519,2,5,8,0,0,1,13,1
0.817,4,72,9,0,0,1,5,0
0.507,4,5,0,0,0,1,15,1
0.685,2,5,4,0,0,1,0,1
0.887,3,48,11,0,1,1,15,1
0.659,1,5,27,0,0,1,14,1
0.74,1,48,5,0,0,1,8,0
0.051,4,5,15,0,0,1,17,0
0.805,2,5,18,0,0,1,7,1
0.216,5,5,13,1,0,1,14,1
0.154,2,72,15,1,0,1,16,0
0.621,4,5,3,0,0,1,15,1
0.847,4,24,0,0,0,1,1,1
0.562,5,48,4,0,0,0,14,0
0.831,5,24,24,0,0,1,3,1
0.965,3,48,25,0,0,1,19,1
0.083,5,24,0,0,0,0,14,0
0.859,3,24,9,0,0,1,13,1
0.13,5,5,16,0,0,1,9,1
0.952,4,72,7,0,0,1,14,1
0.882,3,48,6,0,0,0,9,1
0.462,4,24,19,0,0,1,10,1
0.753,3,24,28,0,0,1,5,1
0.571,2,48,29,0,1,1,9,1
0.864,1,5,23,1,0,1,13,1
0.483,4,72,4,0,0,1,22,0
0.126,3,24,29,1,0,1,1,1
0.085,3,5,29,1,0,1,3,1
0.114,4,24,26,0,0,1,15,0
0.328,5,5,28,1,1,1,19,1
0.217,3,48,14,0,0,1,20,0
0.794,3,72,21,0,0,0,2,0
0.249,5,5,25,0,0,0,23,1
0.729,2,72,10,1,0,1,18,0
0.038,1,72,9,0,0,0,20,0
0.146,5,72,7,0,0,1,21,0
0.714,3,24,20,0,0,1,4,1
0.75,4,72,30,0,0,0,7,1
0.306,2,72,18,1,0,1,21,0
0.183,3,24,16,0,0,1,6,0
0.798,5,5,28,0,1,1,8,1
0.629,2,5,5,0,0,1,5,1
0.758,3,5,20,0,0,1,14,1
0.242,3,5,10,0,0,1,4,1
0.819,4,5,11,0,0,0,1,1
0.956,3,5,8,0,0,0,21,1
0.341,3,5,2,0,0,0,2,1
0.233,1,72,24,0,0,0,23,0
0.345,1,48,22,0,0,1,8,0
0.974,5,72,3,0,0,0,11,1
0.121,4,72,25,0,0,1,4,0
0.41,1,72,3,0,0,0,21,0
0.536,3,72,7,0,1,0,14,0
0.073,1,48,4,1,0,1,16,0
0.668,4,72,14,0,0,1,22,0
0.024,5,5,23,0,1,1,9,1
0.418,1,5,23,0,0,0,16,1
0.098,5,24,1,0,0,1,3,0
0.243,5,5,13,0,0,1,11,1
0.817,3,72,29,0,0,1,21,1
0.334,4,24,12,0,0,1,4,0
0.157,1,5,21,0,0,1,20,0
0.211,4,48,0,0,0,1,0,0
0.222,4,72,30,0,0,1,18,0
0.642,3,48,19,0,0,0,8,1
0.263,1,72,12,0,0,1,2,0
0.338,4,5,2,0,0,1,21,1
0.365,4,24,9,0,0,1,20,0
0.21,2,5,23,1,0,0,11,1
0.758,2,24,24,0,0,0,0,1
0.099,4,72,3,0,0,1,11,0
0.48,2,5,27,1,0,1,11,1
0.29,3,5,21,1,0,1,1,1
0.744,1,24,18,0,0,1,16,1
0.135,4,5,12,0,0,0,9,1
0.22,1,5,0,0,0,1,19,0
0.937,1,72,22,0,0,1,18,0
0.644,3,48,13,0,0,1,22,1
0.1,5,72,5,0,0,0,20,0
0.004,2,24,1,0,0,1,11,0
0.468,1,24,11,1,0,1,1,0
0.102,5,24,24,0,0,1,2,1
0.431,5,5,27,0,0,1,17,1
0.275,5,5,18,0,0,1,10,1
0.391,3,48,9,0,1,1,8,0
0.149,5,72,6,0,0,1,14,0
0.367,2,5,26,0,0,1,22,1
0.679,5,5,29,0,0,0,21,1
0.006,1,5,8,0,0,1,16,0
0.744,1,24,23,0,0,0,21,1
0.888,4,72,17,0,0,1,1,1
0.078,1,24,24,1,0,0,17,0
0.312,3,5,22,0,0,1,14,1
0.669,3,48,14,1,0,1,23,1
0.048,4,72,3,0,0,1,6,0
0.198,3,48,24,0,0,1,4,0
0.661,4,48,25,1,0,1,6,1
0.937,3,48,19,0,0,0,14,1
0.943,2,5,22,0,0,0,9,1
0.816,4,48,2,1,0,1,13,1
0.451,2,5,22,0,1,1,12,1
0.685,1,5,0,0,0,1,9,1
0.095,3,24,12,1,0,1,8,0
0.951,4,72,19,0,0,0,20,1
0.519,3,48,16,1,1,1,12,1
0.025,1,72,25,0,0,1,7,0
0.313,3,24,25,0,0,1,16,1
0.932,1,72,3,0,0,0,1,0
0.024,1,48,9,0,0,0,10,0
0.423,3,24,7,0,0,1,18,0
0.985,3,48,30,0,0,1,21,1
0.211,2,48,7,0,0,0,9,0
0.797,5,24,12,0,0,1,12,1
0.957,5,72,20,0,0,0,6,1
0.869,4,24,8,0,0,1,6,1
0.812,3,72,27,0,0,0,4,1
0.659,4,72,21,1,0,0,7,1
0.201,1,72,29,0,0,1,0,0
0.559,1,72,27,0,0,1,3,0
0.121,2,48,0,0,0,1,6,0
0.371,3,72,9,0,0,1,19,0
0.102,3,48,11,0,0,1,22,0
0.661,4,5,23,0,0,0,18,1
0.362,2,5,10,1,0,1,1,1
0.667,1,5,2,0,0,1,18,1
0.562,3,5,4,0,0,1,21,1
0.512,2,48,21,0,0,1,21,0
0.89,5,72,15,0,0,1,1,1
0.262,1,72,21,0,0,0,7,0
0.413,3,48,23,0,0,1,2,0
0.53,2,24,0,0,0,1,12,0
0.122,4,5,20,0,0,1,0,1
0.413,1,72,19,0,0,1,20,0
0.066,4,72,8,1,0,1,18,0
0.713,2,24,10,0,0,1,20,1
0.805,1,24,12,0,0,1,19,1
0.568,2,24,10,0,0,0,8,1
0.52,2,72,24,0,0,1,3,0
0.783,2,24,1,0,1,1,0,1
0.5,1,48,10,0,0,1,22,0
0.64,4,24,24,0,0,1,5,1
0.577,2,5,22,0,0,0,14,1
0.412,4,72,23,1,0,1,9,1
0.796,2,48,11,0,0,0,14,0
0.721,5,24,19,0,0,0,10,1
0.067,2,48,23,0,0,1,15,0
0.988,4,5,6,0,0,0,12,1
0.463,4,5,3,0,0,1,5,1
0.031,1,5,11,0,0,1,16,0
0.578,2,48,20,0,0,1,5,0
0.039,4,24,2,0,0,1,11,0
0.291,3,24,5,1,0,1,14,0
0.55,2,72,8,0,1,1,5,0
0.698,2,72,10,1,0,1,11,0
0.684,1,5,30,0,0,1,19,1
0.538,3,24,4,0,0,1,0,1
0.011,4,24,4,0,1,1,16,0
0.705,2,48,21,0,0,1,14,1
0.205,1,72,24,0,0,1,19,0
0.416,4,24,3,0,0,1,12,0
0.471,3,5,7,0,1,1,8,1
0.019,1,72,12,0,0,1,17,0
0.789,3,5,3,0,0,1,9,1
0.945,2,5,18,0,0,1,10,1
0.654,4,72,3,0,0,1,5,0
0.372,2,24,4,0,0,0,10,0
0.548,4,72,20,0,0,1,1,0
0.851,3,72,12,0,0,0,6,0
0.047,1,5,3,0,0,0,10,0
0.435,2,72,14,0,0,1,1,0
0.983,3,5,7,1,0,1,17,1
0.507,5,72,3,0,0,0,9,0
0.131,5,24,11,0,0,1,9,0
0.364,2,5,10,0,0,1,10,1
0.6,1,5,21,0,0,1,17,1
0.709,3,72,13,0,0,1,21,0
0.997,1,48,30,0,0,0,3,1
0.659,2,24,3,0,0,1,19,0
0.061,5,24,8,0,0,1,21,0
0.578,5,24,0,0,0,1,3,1
0.748,5,72,18,0,0,1,3,1
0.929,4,5,29,0,0,1,21,1
0.541,5,48,28,0,0,1,17,1
0.512,5,5,17,0,0,1,18,1
0.697,1,5,20,1,0,1,19,1
0.612,3,48,10,0,0,1,9,0
0.85,1,72,12,0,0,1,4,0
0.771,3,48,20,0,0,0,18,1
0.391,3,24,10,0,0,1,19,0
0.955,5,5,14,0,0,1,13,1
0.855,4,24,29,0,0,1,17,1
0.477,3,24,9,0,0,0,6,1
0.443,1,72,14,0,0,0,20,0
0.316,1,5,15,0,0,1,4,1
0.715,5,48,9,1,0,1,18,1
0.13,5,48,21,0,0,1,4,0
0.683,4,48,6,0,0,1,22,1
0.119,5,72,4,0,0,1,4,0
0.482,1,48,13,0,0,1,7,0
0.314,3,72,1,0,0,1,3,0
0.074,4,48,8,0,0,1,15,0
0.111,2,5,17,0,0,1,20,0
0.677,1,72,10,1,0,1,4,0
0.149,5,24,20,0,1,1,9,1
0.695,2,5,29,0,0,0,10,1
0.051,4,24,22,0,1,1,17,0
0.672,2,24,20,0,0,0,18,1
0.062,4,5,0,0,0,0,12,0
0.721,2,72,28,0,1,0,5,1
0.564,3,48,21,1,0,0,1,1
0.939,4,5,29,0,0,1,5,1
0.207,2,48,9,0,0,1,5,0
0.382,1,24,21,0,0,1,23,0
0.839,5,24,18,0,0,1,3,1
0.337,1,72,2,0,0,1,1,0
0.126,2,24,20,0,0,1,1,0
0.62,3,72,23,0,0,0,17,0
0.062,2,24,5,0,0,1,23,0
0.079,2,72,18,0,0,1,22,0
0.503,3,24,23,0,0,1,18,1
0.693,1,72,28,0,0,1,20,0
0.817,3,24,11,0,0,1,8,1
0.547,5,48,0,0,0,1,8,0
0.479,4,5,13,1,0,1,19,1
0.921,5,48,4,0,1,1,16,1
0.147,4,5,22,0,0,1,0,1
0.196,4,5,20,0,0,1,23,1
0.543,1,24,2,0,0,1,9,0
0.969,5,48,20,1,0,1,3,1
0.761,3,24,17,0,0,1,21,1
0.838,1,5,18,0,0,1,8,1
0.522,1,5,15,1,0,1,12,1
0.898,3,24,1,0,0,1,1,1
0.285,3,24,7,0,0,1,14,0
0.453,2,48,13,1,1,0,2,0
0.829,1,5,21,0,0,1,23,1
0.727,1,48,1,0,0,1,5,0
0.93,2,24,1,1,0,1,15,1
0.624,5,72,8,0,0,1,10,0
0.868,4,48,19,0,0,1,8,1
0.167,2,72,21,0,0,1,21,0
0.056,1,72,9,1,0,1,9,0
0.793,3,5,28,0,0,1,19,1
0.868,4,72,23,0,0,1,12,1
0.744,4,5,26,0,0,0,14,1
0.657,3,48,19,0,0,1,8,1
0.035,1,24,30,0,0,1,9,0
0.674,4,48,8,0,0,1,13,1
0.258,2,48,4,0,0,1,3,0
0.963,5,48,25,0,1,1,13,1
0.897,5,48,19,0,0,1,18,1
0.5,2,5,26,0,0,1,8,1
0.851,1,5,28,0,0,1,4,1
0.968,4,24,0,0,0,1,5,1
0.517,4,5,22,0,0,0,9,1
0.683,5,48,14,0,1,1,7,1
0.958,4,48,21,0,0,1,8,1
0.458,4,48,17,1,0,0,19,1
0.181,4,72,19,0,0,1,18,0
0.525,4,48,9,0,0,0,9,0
0.236,1,5,29,0,0,1,18,0
0.984,4,5,22,0,0,1,14,1
0.991,5,24,8,0,0,1,3,1
0.279,5,48,25,0,0,1,21,1
0.119,1,48,13,0,0,1,22,0
0.868,1,72,0,0,0,1,0,0
0.968,1,72,1,0,0,1,9,0
0.053,4,24,25,0,0,0,15,1
0.414,2,48,9,0,0,1,2,0
0.105,1,24,17,0,0,0,17,0
0.54,1,72,13,1,0,1,19,0
0.331,4,72,7,0,0,0,2,0
0.029,5,24,10,0,0,0,16,0
0.381,5,5,29,0,0,1,12,1
0.715,5,48,5,0,0,0,17,1
0.449,1,48,4,1,1,1,21,0
0.617,5,72,2,0,0,1,23,0
0.017,4,72,16,0,0,0,23,0
0.389,4,48,5,0,0,1,0,0
0.15,5,72,14,0,0,1,2,0
0.007,2,24,26,0,0,1,20,0
0.48,3,72,5,0,0,0,14,0
0.714,1,5,8,0,0,1,18,1
0.061,2,72,7,0,0,1,17,0
0.924,4,5,9,0,0,1,23,1
0.331,3,48,29,0,0,0,21,0
0.579,4,72,20,1,0,1,17,1
0.954,3,72,20,0,0,0,14,1
0.391,3,72,19,1,0,1,21,0
0.265,4,72,23,0,0,1,2,0
0.163,5,48,11,0,0,1,0,0
0.423,2,24,21,0,0,1,18,1
0.279,2,72,8,1,0,1,19,0
0.059,2,5,7,0,0,1,22,0
0.721,5,72,2,0,0,1,7,0
0.55,1,48,28,0,0,1,17,0
0.947,3,24,6,0,0,1,12,1
0.129,4,72,5,0,0,0,12,0
0.431,5,48,14,0,0,0,11,0
0.341,3,48,11,1,0,0,7,0
0.387,5,5,14,1,0,0,9,1
0.559,5,48,30,0,0,1,21,1
0.143,1,72,28,0,0,0,5,0
0.074,3,5,27,1,0,1,9,1
0.374,3,48,10,0,0,1,21,0
0.631,5,48,14,0,0,0,4,1
0.057,3,24,5,0,0,1,9,0
0.286,2,24,24,0,0,0,0,0
0.09,1,5,11,0,0,1,18,0
0.568,1,48,29,0,0,1,4,0
0.655,2,48,9,0,0,0,2,0
0.782,2,48,23,0,0,1,16,1
0.473,2,24,19,0,0,1,14,1
0.416,2,72,7,0,0,0,4,0
0.165,1,24,16,1,0,1,18,0
0.56,2,5,17,0,0,1,12,1
0.302,3,24,6,1,0,1,18,1
0.154,2,24,10,0,0,0,6,0
0.959,2,72,28,0,0,1,9,1
0.712,1,72,2,1,0,1,18,0
0.115,5,72,9,1,0,1,7,0
0.782,1,24,8,0,0,1,0,0
0.077,5,72,24,0,1,1,14,0
0.703,3,72,4,0,0,0,6,0
0.026,2,72,30,0,0,1,21,0
0.769,3,72,27,0,0,0,18,1
0.86,2,5,13,0,0,1,19,1
0.403,5,72,12,0,0,1,7,0
0.461,1,72,3,0,0,0,0,0
0.867,1,48,20,1,0,1,6,1
0.844,4,48,28,0,0,1,22,1
0.526,2,24,7,0,0,1,18,0
0.142,3,24,21,0,0,1,11,0
0.87,2,5,28,0,0,1,6,1
0.519,2,24,13,0,0,1,22,1
0.396,5,24,4,0,0,1,22,1
0.255,3,48,13,0,0,1,23,0
0.712,1,72,7,0,0,1,7,0
0.333,2,72,15,0,0,1,9,0
0.103,3,48,25,1,0,1,22,0
0.214,4,5,2,0,0,1,12,0
0.86,4,5,2,0,0,1,0,1
0.342,3,72,11,0,0,1,7,0
0.753,2,72,14,1,0,1,9,0
0.677,3,48,10,0,0,1,13,1
0.231,1,5,2,0,0,0,4,0
0.15,2,72,25,0,0,1,22,0
0.857,4,24,12,0,0,1,1,1
0.325,4,5,25,0,0,0,19,1
0.406,3,5,17,1,0,0,8,1
0.754,1,24,8,0,0,1,6,0
0.961,4,5,0,0,0,1,18,1
0.661,3,5,9,0,0,1,9,1
0.387,5,48,9,0,0,1,22,0
0.695,3,72,4,0,0,1,0,0
0.967,1,72,6,0,0,1,9,0
0.319,2,24,10,0,0,1,17,0
0.162,3,72,22,1,0,0,1,0
0.013,5,5,4,0,0,1,10,0
0.952,2,5,27,0,0,0,18,1
0.282,3,24,20,0,0,0,7,1
0.351,2,24,20,0,0,1,15,0
0.859,4,5,21,0,0,1,10,1
0.637,4,5,26,1,0,1,23,1
0.065,5,72,30,1,0,0,8,0
0.722,1,72,23,0,0,1,2,0
0.401,3,72,22,0,0,0,16,0
0.758,4,48,25,0,0,1,15,1
0.732,5,48,22,0,0,1,15,1
0.56,4,72,0,1,0,0,20,0
0.242,3,5,5,1,0,0,0,1
0.163,2,72,15,0,0,1,21,0
0.728,2,72,11,0,0,1,6,0
0.647,3,72,2,0,0,0,16,0
0.108,1,5,6,0,0,1,23,0
0.984,4,5,25,0,0,1,20,1
0.733,4,24,5,1,0,0,22,1
0.964,5,24,8,0,0,1,22,1
0.723,5,72,27,0,0,1,11,1
0.475,3,48,25,0,0,1,15,1
0.677,1,24,16,1,0,1,15,1
0.003,1,24,9,0,0,1,5,0
0.18,5,24,1,0,0,1,8,0
0.953,3,72,7,0,0,1,1,0
0.461,3,5,23,0,0,1,10,1
0.148,4,72,23,0,0,1,17,0
0.76,5,5,1,0,0,0,6,1
0.924,4,24,6,0,0,1,8,1
0.533,3,72,5,0,0,1,4,0
0.833,2,72,21,0,0,1,3,1
0.81,4,5,0,0,0,1,6,1
0.896,2,72,0,0,0,0,6,0
0.632,5,24,17,0,0,0,2,1
0.646,5,5,8,0,0,1,22,1
0.372,1,72,30,0,0,1,20,0
0.296,3,48,9,0,0,1,15,0
0.539,2,72,19,0,0,1,6,0
0.629,4,24,20,0,0,1,16,1
0.204,2,24,20,0,1,1,19,0
0.469,5,24,21,0,0,1,5,1
0.51,5,72,30,0,0,1,21,1
0.128,1,72,13,0,0,1,12,0
0.767,4,72,7,0,0,1,9,0
0.577,5,72,7,0,0,1,2,0
0.001,5,48,5,0,0,1,4,0
0.352,4,24,29,0,0,1,13,1
0.604,5,48,29,0,1,1,11,1
0.744,4,48,13,0,0,1,15,1
0.491,1,5,4,0,0,1,23,0
0.468,2,72,21,0,0,0,11,0
0.657,4,24,23,0,0,0,6,1
0.505,3,24,19,0,0,1,3,1
0.033,1,48,17,0,0,0,0,0
0.208,2,72,9,0,0,0,17,0
0.628,2,72,16,0,0,0,2,0
0.431,1,5,19,0,0,1,22,1
0.366,5,5,0,0,0,0,22,1
0.435,5,48,8,0,0,1,7,0
0.768,1,48,4,0,0,1,12,0
0.918,1,24,14,0,0,1,14,1
0.529,5,24,14,0,0,1,19,1
0.508,5,24,16,1,0,1,4,1
0.512,5,72,8,0,0,1,8,0
0.298,2,48,8,0,0,1,3,0
0.102,3,72,1,0,0,1,16,0
0.21,3,72,19,0,0,0,18,0
0.212,4,48,14,0,0,0,3,0
0.881,4,5,5,0,0,1,7,1
0.816,4,48,11,0,0,1,22,1
0.563,1,5,25,0,0,1,7,1
0.373,5,72,22,0,0,1,7,0
0.316,1,5,5,0,0,1,16,0
0.992,1,5,5,0,0,0,3,1
0.093,3,5,12,0,0,1,9,0
0.771,1,24,29,0,0,1,11,1
0.576,5,24,26,0,0,1,16,1
0.66,1,72,0,0,0,1,4,0
0.204,2,48,0,0,0,1,13,0
0.963,2,24,26,0,0,1,11,1
0.135,5,48,1,0,0,0,15,0
0.073,4,72,11,0,0,1,14,0
0.007,4,5,2,0,0,0,13,0
0.741,1,24,29,1,0,0,11,1
0.429,4,5,5,1,0,1,20,1
0.082,1,24,27,0,0,1,21,0
0.609,2,24,1,0,0,0,16,0
0.581,2,5,13,0,0,0,21,1
0.43,5,5,27,1,0,1,3,1
0.405,5,5,30,0,1,1,2,1
0.049,2,72,0,0,0,1,3,0
0.89,1,48,8,0,0,0,17,0
0.692,4,5,8,1,0,0,8,1
0.326,3,48,0,0,1,1,23,0
0.909,5,5,13,0,0,1,10,1
0.594,2,48,18,0,0,1,8,1
0.143,5,5,9,0,0,0,20,1
0.431,3,24,21,0,0,1,12,1
0.878,3,24,1,1,0,0,15,1
0.98,4,5,15,0,0,1,16,1
0.907,2,72,4,0,0,1,3,0
0.387,5,72,13,1,0,1,4,0
0.941,5,72,15,0,0,1,5,1
0.746,3,5,5,1,0,0,4,1
0.717,2,48,4,0,0,1,10,0
0.39,1,5,16,0,0,0,9,0
0.879,4,24,3,0,0,1,4,1
0.36,2,48,6,0,0,1,8,0
0.414,3,24,9,0,0,1,22,0
0.007,1,24,29,0,0,1,23,0
0.109,3,5,8,0,0,1,15,0
0.265,2,72,28,0,0,1,22,0
0.045,2,5,29,1,0,1,2,1
0.623,5,5,16,1,1,1,21,1
0.151,3,24,13,0,0,0,13,0
0.679,3,72,14,0,0,0,4,0
0.767,3,24,6,0,0,0,4,1
0.295,2,24,20,0,0,1,14,0
0.68,2,5,10,1,0,1,7,1
0.527,5,72,5,1,0,1,13,0
0.379,1,24,17,0,0,1,22,0
0.447,2,5,20,0,0,1,6,1
0.39,3,24,3,0,0,1,4,0
0.655,4,48,22,0,0,0,8,1
0.636,1,5,25,0,0,1,4,1
0.867,4,48,11,0,0,0,6,1
0.796,4,5,25,0,0,1,7,1
0.785,4,24,19,0,0,1,0,1
0.746,3,24,9,0,0,1,22,1
0.356,5,72,20,1,0,1,15,0
0.054,2,5,11,0,0,1,6,0
0.978,2,24,15,0,0,1,6,1
0.16,2,24,27,0,0,1,14,1
0.45,1,48,23,0,0,0,6,0
0.556,3,72,15,0,0,1,0,0
0.385,3,72,0,1,0,1,22,0
0.855,5,24,3,0,0,1,17,1
0.581,2,72,27,0,0,1,8,0
0.134,3,24,19,0,0,0,23,0
0.644,4,24,21,0,0,1,12,1
0.273,3,24,3,0,0,0,6,0
0.521,3,5,3,0,0,0,13,1
0.154,3,24,3,1,0,1,17,0
0.474,1,48,17,0,0,0,8,0
0.529,1,72,23,0,0,1,17,0
0.71,5,48,5,1,0,1,6,1
0.209,4,24,29,0,0,1,15,1
0.428,4,72,15,0,0,0,13,0
0.833,3,5,15,0,0,1,7,1
0.996,1,48,5,0,0,1,6,0
0.013,4,72,3,0,1,1,2,0
0.106,3,5,9,0,0,1,8,0
0.156,1,48,18,0,0,0,16,0
0.097,4,48,26,0,0,1,20,0
0.659,5,5,10,0,0,1,0,1
0.613,5,72,14,0,0,1,1,0
0.394,1,24,24,0,0,1,21,1
0.364,4,72,5,0,0,1,15,0
0.844,3,48,29,0,0,1,15,1
0.119,3,48,21,0,0,1,15,0
0.808,4,5,26,0,0,1,16,1
0.536,5,72,24,1,0,1,21,1
0.2,3,72,30,0,0,0,18,0
0.213,2,72,8,0,0,1,6,0
0.396,4,72,28,0,0,1,8,0
0.518,4,72,19,0,0,1,14,0
0.349,2,48,27,0,0,1,1,0
0.13,1,48,7,0,0,1,17,0
0.679,5,72,10,0,0,1,0,1
0.805,3,48,17,0,1,0,16,1
0.23,2,24,23,0,0,1,5,0
0.121,4,72,9,0,0,1,8,0
0.029,2,72,6,1,0,1,11,0
0.88,2,24,25,0,0,1,3,1
0.738,2,72,11,0,0,1,18,0
0.202,3,72,14,0,0,1,12,0
0.746,2,24,27,0,0,1,18,1
0.264,3,24,25,1,0,1,2,1
0.089,2,72,13,1,0,1,19,0
0.392,5,48,18,0,0,1,6,1
0.996,1,72,2,0,0,1,20,0
0.706,4,24,27,0,0,0,21,1
0.641,2,72,1,0,0,1,16,0
0.433,4,5,15,1,0,1,21,1
0.941,5,24,7,0,0,1,6,1
0.127,4,72,8,0,0,1,9,0
0.102,2,24,15,0,0,1,22,0
0.979,4,5,24,1,0,1,20,1
0.886,4,48,1,0,0,1,17,1
0.301,5,48,16,0,0,1,16,0
0.351,2,72,29,0,0,1,0,0
0.878,5,24,15,0,1,1,3,1
0.554,5,24,25,0,0,0,7,1
0.083,4,48,23,0,0,0,8,0
0.551,5,48,23,0,1,0,20,1
0.626,3,72,0,0,0,1,19,0
0.054,3,24,6,0,0,0,19,0
0.658,4,72,6,0,0,0,5,0
0.358,4,48,8,0,0,1,19,0
0.117,3,48,25,0,1,1,14,0
0.163,1,24,27,0,0,1,17,0
0.326,1,48,4,0,0,1,22,0
0.997,4,24,25,0,0,0,22,1
0.238,1,48,9,0,0,1,16,0
0.756,4,72,28,0,0,0,4,1
0.717,3,24,16,0,0,1,5,1
0.86,2,24,13,0,0,1,3,1
0.185,3,48,20,0,0,1,16,0
0.079,3,5,7,1,0,1,23,0
0.831,3,48,8,0,0,1,10,1
0.709,3,48,18,0,0,0,23,1
0.572,3,48,13,0,1,0,0,0
0.851,5,48,11,0,0,0,6,1
0.333,5,5,27,1,0,1,4,1
0.776,3,72,24,0,0,0,8,1
0.874,3,48,28,0,0,1,4,1
0.737,2,72,19,0,1,1,22,0
0.331,3,48,17,0,0,1,14,0
0.922,1,72,13,0,0,1,13,0
0.489,2,48,11,0,0,1,5,0
0.431,3,5,12,0,0,0,4,1
0.68,4,48,6,0,0,0,3,0
0.202,1,72,29,0,0,1,9,0
0.336,2,48,11,0,0,0,11,0
0.801,1,72,17,0,0,1,21,0
0.971,4,72,16,1,0,1,0,1
0.804,5,5,0,0,0,1,6,1
0.089,3,72,17,0,0,1,18,0
0.232,4,72,28,1,0,1,7,0
0.668,4,5,16,0,0,1,16,1
0.646,1,5,1,0,0,1,19,1
0.108,2,24,1,0,0,1,22,0
0.678,2,24,30,0,0,1,5,1
0.666,2,72,16,0,0,0,17,0
0.211,3,48,30,0,0,0,13,0
0.432,2,48,28,0,0,1,7,0
0.699,2,48,5,0,0,1,8,0
0.816,3,48,27,1,0,1,21,1
0.762,5,72,13,0,0,1,16,1
0.693,4,72,26,0,0,1,9,1
0.446,1,48,29,0,0,1,18,0
0.335,1,48,10,0,0,1,6,0
0.01,2,72,25,0,0,0,18,0
0.268,5,72,12,0,0,1,3,0
0.538,2,24,7,0,0,0,20,1
0.384,4,24,5,0,0,1,15,0
0.774,1,72,21,0,0,1,9,0
0.989,3,72,16,0,0,0,10,1
0.686,3,72,21,0,0,0,11,0
0.46,4,5,1,0,0,0,4,1
0.637,4,72,8,0,0,1,13,0
0.166,1,48,13,1,0,1,8,0
0.178,1,48,4,1,0,1,8,0
0.1,3,24,1,0,0,1,18,0
0.348,1,48,13,0,0,1,17,0
0.543,3,24,29,0,0,1,15,1
0.411,2,24,27,0,0,1,8,1
0.204,1,5,12,1,0,0,19,0
0.737,4,5,1,0,0,1,8,1
0.9,3,72,11,0,1,0,15,1
0.18,5,72,3,0,0,1,16,0
0.045,1,72,15,0,0,1,7,0
0.077,5,24,28,0,0,1,18,1
0.339,2,72,3,0,0,0,4,0
0.246,5,24,14,0,0,1,13,1
0.398,1,24,7,0,0,1,11,0
0.022,2,48,14,0,0,1,4,0
0.674,4,72,23,1,0,1,0,1
0.96,4,72,1,0,1,1,2,0
0.971,1,5,27,0,0,1,5,1
0.365,2,24,24,0,0,1,11,1
0.282,5,48,30,1,0,1,1,1
0.582,2,24,27,1,0,1,8,1
0.683,4,48,20,0,0,1,0,1
0.035,1,5,10,0,0,1,10,0
0.607,2,48,12,0,0,1,13,0
0.238,3,72,22,0,0,1,22,0
0.003,5,48,3,0,0,1,14,0
0.647,1,72,0,0,0,1,3,0
0.341,5,24,17,0,0,1,6,1
0.628,5,72,2,0,0,1,12,0
0.454,5,72,11,1,0,1,23,1
0.689,5,24,0,0,1,1,11,1
0.892,5,5,24,0,0,1,22,1
0.488,2,72,9,0,1,1,8,0
0.043,3,48,29,0,0,1,23,0
0.203,3,72,0,0,0,0,11,0
0.261,2,5,15,0,0,1,20,0
0.182,1,24,13,1,0,0,20,0
0.788,1,5,17,0,0,1,3,1
0.606,2,72,26,1,0,1,18,1
0.556,4,5,1,0,0,1,12,1
0.527,3,72,14,0,0,0,2,0
0.589,2,72,16,0,0,1,10,0
0.656,5,72,9,0,0,1,20,1
0.595,4,5,18,0,0,1,3,1
0.368,2,72,25,0,0,1,5,0
0.049,3,5,13,0,0,0,16,0
0.473,3,5,17,0,0,1,8,1
0.944,3,72,14,0,0,0,19,1
0.945,5,48,6,0,0,1,18,1
0.124,3,24,24,1,0,1,22,1
0.254,5,5,4,0,0,1,18,1
0.585,2,24,11,0,1,1,7,0
0.478,2,5,10,0,0,1,23,1
0.477,2,24,10,0,0,1,1,1
0.676,5,72,8,0,0,1,5,0
0.854,5,24,9,0,0,1,5,1
0.137,2,5,14,0,0,1,0,0
0.568,3,72,11,0,0,1,10,0
0.693,4,72,24,0,1,1,2,1
0.669,2,48,20,0,0,1,22,1
0.69,4,48,1,0,0,0,5,1
0.272,1,24,12,0,0,1,11,0
0.186,5,48,6,0,0,1,14,0
0.807,5,48,10,1,0,1,18,1
0.273,1,5,25,0,1,1,15,0
0.593,3,24,11,0,0,1,0,1
0.525,1,72,19,0,0,1,4,0
0.863,5,24,11,0,0,1,9,1
0.888,1,5,2,0,0,0,9,1
0.396,1,72,9,0,0,1,5,0
0.941,3,48,13,0,1,1,3,1
0.342,3,72,19,0,0,1,18,0
0.49,1,72,7,0,0,1,1,0
0.801,3,48,15,0,0,1,1,1
0.25,5,5,1,0,0,1,12,1
0.133,3,5,23,0,0,1,20,1
0.338,1,72,16,1,0,1,21,0
0.529,3,48,3,0,0,1,11,0
0.012,5,48,30,0,0,1,13,0
0.879,5,5,14,0,0,1,15,1
0.566,3,24,23,0,0,1,18,1
0.643,1,48,5,0,0,1,3,0
0.284,1,24,26,0,0,1,18,0
0.58,3,24,13,0,1,1,5,1
0.031,4,48,28,1,1,0,20,0
0.307,5,72,12,0,0,1,17,0
0.187,5,5,7,0,0,1,19,0
0.913,3,48,22,0,0,0,10,1
0.15,1,5,28,1,0,1,4,1
0.359,5,24,28,0,0,1,22,1
0.727,2,48,12,0,0,0,20,1
0.78,1,24,10,0,0,0,8,1
0.537,4,5,26,0,0,1,4,1
0.732,5,72,20,0,0,1,15,1
0.971,4,72,27,0,1,1,5,1
0.843,1,5,7,0,0,0,11,1
0.019,5,72,30,0,0,1,4,0
0.183,3,48,28,1,0,1,17,0
0.207,2,72,27,0,0,0,22,0
0.551,2,24,17,0,0,1,16,1
0.908,2,24,24,0,0,1,0,1
0.984,1,48,5,0,0,0,14,0
0.231,5,48,18,0,0,1,21,0
0.187,1,24,10,0,0,1,11,0
0.469,1,72,15,0,0,1,9,0
0.659,5,72,6,0,0,1,22,0
0.125,1,24,17,0,0,0,11,0
0.781,3,48,23,0,0,1,11,1
0.337,2,24,22,1,0,1,9,1
0.413,3,5,29,0,0,1,19,1
0.309,1,24,27,0,0,1,11,0
0.01,3,5,8,1,0,0,4,0
0.261,4,72,26,0,0,0,1,0
0.199,2,24,20,0,0,1,14,0
0.792,5,24,11,0,0,1,21,1
0.32,2,5,2,0,0,1,18,0
0.757,4,24,2,1,0,0,7,1
0.105,1,72,5,0,1,1,10,0
0.581,3,5,0,0,0,1,0,1
0.417,5,48,22,1,1,1,2,1
0.305,3,5,17,1,1,1,13,1
0.634,4,72,20,0,0,0,9,0
0.574,1,24,21,0,1,1,9,1
0.256,2,48,9,0,1,1,1,0
0.294,4,5,2,1,0,1,7,1
0.334,4,48,4,1,0,0,4,0
0.128,2,48,13,0,0,1,21,0
0.378,1,72,22,0,0,1,13,0
0.438,3,5,6,0,0,1,6,1
0.084,5,24,19,0,0,1,8,1
0.225,3,48,3,0,0,1,13,0
0.808,1,72,26,0,0,1,21,1
0.962,5,72,24,0,0,1,20,1
0.348,4,48,16,0,0,1,17,0
0.238,4,24,1,0,0,1,6,0
0.584,4,5,21,0,0,0,7,1
0.847,4,5,4,0,0,0,2,1
0.197,5,48,5,1,0,1,20,0
0.337,2,48,8,0,0,1,16,0
0.678,4,72,22,0,0,1,18,0
0.165,2,5,24,0,0,1,4,0
0.009,3,5,24,0,0,0,2,0
0.782,3,72,3,0,0,1,22,0
0.944,1,5,30,0,0,1,15,1
0.418,3,24,30,0,0,1,15,1
0.259,5,72,15,1,0,0,16,0
0.779,2,24,5,0,0,1,21,1
0.786,1,72,7,0,0,1,16,0
0.614,4,48,19,0,0,0,20,1
0.261,2,5,25,0,0,0,16,1
0.573,3,72,26,0,0,1,16,1
0.929,2,5,2,0,0,1,4,1
0.814,3,72,26,0,0,1,14,1
0.081,4,5,0,0,0,0,8,0
0.843,3,72,25,0,0,0,22,1
0.38,3,5,28,0,0,1,10,1
0.637,1,5,20,0,0,1,7,1
0.65,2,5,25,1,0,1,21,1
0.164,4,72,20,0,0,0,6,0
0.67,3,72,3,0,0,0,10,0
0.621,5,48,8,0,0,1,17,1
0.827,3,24,14,0,0,1,4,1
0.127,5,48,1,0,0,1,21,0
0.031,2,24,6,0,0,1,11,0
0.694,3,24,16,0,0,0,15,1
0.873,5,5,18,0,0,0,6,1
0.788,3,24,11,0,0,1,15,1
0.285,3,72,8,0,0,1,9,0
0.049,1,72,18,0,0,1,9,0
0.126,4,48,25,0,0,1,7,0
0.816,5,48,28,0,0,0,0,1
0.14,1,48,0,0,0,1,11,0
0.603,1,5,24,0,0,0,7,1
0.632,3,72,0,0,0,0,11,0
0.893,1,72,9,0,0,0,6,0
0.059,2,48,7,0,0,0,8,0
0.938,4,48,4,0,0,1,15,1
0.265,4,48,10,0,0,1,11,0
0.354,4,5,5,0,0,1,22,1
0.681,2,72,23,1,0,0,21,1
0.024,2,24,12,0,0,1,3,0
0.918,3,5,24,0,0,1,12,1
0.367,1,24,17,0,0,0,0,0
0.938,2,24,1,0,0,1,10,1
0.17,5,24,14,0,0,1,8,1
0.625,3,48,6,0,0,1,14,0
0.788,4,24,19,0,0,1,11,1
0.012,4,5,15,0,0,1,20,0
0.954,5,72,30,0,0,1,10,1
0.497,3,48,15,0,0,1,0,0
0.559,1,72,7,1,0,0,1,0
0.21,2,72,14,0,0,1,4,0
0.989,3,5,23,0,0,0,5,1
0.454,3,5,16,0,0,1,19,1
0.151,1,72,2,0,0,1,18,0
0.975,3,24,7,0,0,1,13,1
0.131,2,5,26,0,0,0,19,1
0.465,3,5,14,0,0,1,5,1
0.819,5,5,25,0,1,1,2,1
0.012,3,5,30,0,1,1,20,1
0.494,3,72,10,0,0,0,0,0
0.575,1,48,10,1,0,0,5,0
0.391,5,48,21,0,0,1,10,1
0.911,3,24,1,0,0,1,17,1
0.662,1,48,29,0,0,0,8,0
0.929,5,24,27,0,0,1,22,1
0.378,3,5,14,0,0,1,22,1
0.511,3,48,14,0,1,0,1,0
0.811,4,72,20,0,0,0,16,1
0.236,5,72,17,0,0,1,1,0
0.16,5,24,28,0,0,1,21,1
0.522,2,48,7,0,0,1,14,0
0.039,5,24,12,0,0,0,11,0
0.58,4,24,24,1,0,0,7,1
0.949,2,72,30,0,0,1,4,1
0.891,2,5,4,0,1,1,10,1
0.506,5,48,25,0,0,1,9,1
0.776,4,5,0,0,0,0,10,1
0.811,2,72,20,0,0,1,6,0
0.269,2,72,10,0,0,1,13,0
0.536,5,72,27,0,0,0,23,1
0.044,1,5,15,0,0,0,7,0
0.445,1,48,23,0,0,1,9,0
0.284,4,72,2,0,0,0,12,0
0.91,4,72,5,0,0,0,22,1
0.301,1,48,8,0,0,1,3,0
0.29,5,72,9,1,0,1,7,0
0.251,5,72,5,0,0,1,5,0
0.161,2,24,18,0,0,1,5,0
0.563,1,5,14,0,0,0,4,1
0.007,3,48,29,0,0,0,15,0
0.83,3,5,23,0,0,1,0,1
0.418,5,24,18,1,0,1,23,1
0.44,4,72,29,0,0,1,12,0
0.816,4,72,12,0,0,1,17,1
0.008,3,24,18,0,0,1,5,0
0.364,3,72,16,0,0,1,4,0
0.299,3,24,5,1,1,1,11,0
0.414,5,24,19,0,0,1,20,1
0.785,3,5,1,0,0,1,13,1
0.037,2,5,8,0,0,1,6,0
0.821,2,24,26,1,1,0,16,1
0.021,3,48,16,0,0,1,11,0
0.29,2,72,3,0,0,1,14,0
0.346,5,24,10,1,0,1,17,1
0.502,1,24,10,0,0,1,19,0
0.877,2,48,22,0,0,1,2,1
0.534,2,48,30,0,0,1,19,0
0.583,1,72,4,0,0,1,20,0
0.704,2,24,12,0,0,1,4,1
0.86,1,72,30,0,0,1,23,0
0.886,1,5,26,0,0,0,15,1
0.607,1,48,27,0,0,1,0,1
0.955,4,24,3,0,0,0,11,1
0.572,3,48,23,0,0,1,23,1
0.689,2,5,3,0,0,1,7,1
0.985,3,5,16,0,0,1,4,1
0.674,1,48,0,0,0,1,19,0
0.838,1,48,28,0,0,1,9,1
0.948,1,72,8,0,0,1,6,0
0.247,2,5,27,0,0,1,14,1
0.265,1,48,29,0,0,0,0,0
0.096,5,24,7,0,0,1,4,0
0.489,2,72,13,0,0,1,14,0
0.357,2,48,10,0,0,1,3,0
0.39,4,5,10,0,0,1,18,1
0.128,3,24,14,0,0,0,11,0
0.642,2,48,26,0,0,1,13,1
0.619,5,48,16,0,0,1,6,1
0.885,5,5,26,0,0,0,7,1
0.112,5,5,4,0,0,1,22,0
0.315,1,48,25,0,0,1,21,0
0.177,4,48,19,1,1,1,8,1
0.251,2,72,8,0,0,1,18,0
0.418,1,48,4,0,0,0,0,0
0.463,2,24,29,0,0,1,7,1
0.462,1,72,29,0,0,1,19,0
0.188,3,24,1,1,0,0,21,0
0.634,2,48,16,0,0,0,14,0
0.284,3,72,3,0,0,1,14,0
0.241,3,72,20,0,0,1,12,0
0.789,4,48,30,0,1,1,13,1
0.333,4,48,15,0,0,0,16,0
0.788,4,72,18,0,0,0,11,1
0.408,4,5,1,0,0,0,7,1
0.448,3,24,5,0,0,1,8,0
0.088,5,24,5,0,0,1,8,0
0.48,5,48,26,0,0,1,15,1
0.045,1,48,4,0,0,1,19,0
0.046,1,24,25,0,0,1,3,0
0.779,3,24,9,0,0,1,5,1
0.369,1,48,18,0,0,1,14,0
0.677,5,48,6,0,0,1,6,1
0.656,4,72,14,0,1,0,14,0
0.311,4,72,12,0,0,1,13,0
0.82,5,48,6,0,0,0,23,1
0.729,5,48,10,0,0,1,5,1
0.793,4,72,18,0,0,0,4,1
0.734,2,72,7,0,0,0,13,0
0.82,5,24,15,0,0,1,5,1
0.672,2,48,20,0,0,1,12,1
0.353,3,72,2,0,0,0,12,0
0.814,4,72,30,0,0,1,8,1
0.985,1,24,21,0,0,1,19,1
0.52,4,48,13,0,0,1,1,0
0.975,2,24,27,1,0,1,12,1
0.191,4,72,18,1,0,0,6,0
0.494,2,5,2,0,0,1,0,1
0.215,5,48,5,1,0,1,3,0
0.216,2,24,26,0,0,1,21,1
0.768,5,24,2,0,1,1,17,1
0.426,2,5,26,1,0,1,7,1
0.773,4,48,12,0,0,1,22,1
0.105,5,5,30,0,0,0,6,1
0.174,3,48,16,0,0,0,16,0
0.481,3,5,10,0,0,1,3,1
0.976,1,72,0,0,0,0,1,0
0.053,5,24,21,0,0,1,17,0
0.202,5,5,5,0,0,1,21,1
0.375,5,24,5,0,1,1,21,1
0.35,4,72,5,0,0,1,5,0
0.112,4,72,18,0,0,1,23,0
0.891,4,5,3,0,0,1,3,1
0.433,4,72,23,0,0,1,3,0
0.507,3,24,13,0,0,1,1,1
0.299,4,48,6,0,1,0,0,0
0.197,5,48,24,1,0,1,10,1
0.003,3,48,5,0,0,1,1,0
0.497,3,72,14,0,1,1,20,0
0.996,4,72,8,0,0,1,16,1
0.328,1,5,15,0,0,1,19,0
0.242,2,24,18,1,0,1,7,1
0.361,1,24,2,0,0,1,6,0
0.534,1,5,11,1,0,1,2,1
0.469,3,72,25,1,0,1,12,1
0.352,4,72,29,0,0,1,21,0
0.894,3,5,14,0,0,1,9,1
0.08,2,5,18,1,0,0,8,0
0.335,4,72,25,0,0,1,2,0
0.338,3,72,23,1,0,1,3,0
0.306,1,72,27,0,0,1,4,0
0.555,3,48,30,0,0,0,14,1
0.136,2,24,1,0,0,1,22,0
0.268,5,72,25,0,0,1,14,0
0.619,2,24,20,0,0,0,20,1
0.7,3,5,28,0,0,1,21,1
0.714,5,48,24,0,0,1,21,1
0.586,2,48,23,0,0,1,22,1
0.077,5,72,21,0,0,0,15,0
0.973,2,24,27,0,1,1,5,1
0.104,4,24,7,0,1,1,4,0
0.398,2,48,28,0,0,0,13,0
0.171,5,72,5,0,0,1,9,0
0.364,1,48,6,0,0,1,2,0
0.34,5,48,9,0,0,1,5,0
0.081,5,48,5,0,0,1,16,0
0.367,2,5,3,0,0,0,20,0
0.902,4,48,5,0,0,0,5,1
0.728,3,24,20,0,0,0,11,1
0.57,1,48,7,0,1,1,3,0
0.982,1,24,27,0,0,1,21,1
0.049,4,24,8,0,0,1,23,0
0.14,4,48,28,0,0,1,21,0
0.384,2,48,6,0,0,1,8,0
0.013,4,72,3,0,0,0,20,0
0.75,3,5,28,0,0,0,16,1
0.598,1,72,10,1,1,0,14,0
0.581,1,5,28,0,1,1,6,1
0.044,3,5,5,0,0,1,19,0
0.789,5,24,20,0,0,1,12,1
0.264,5,48,4,0,0,1,12,0
0.814,4,48,5,1,1,1,2,1
0.27,3,72,0,0,0,1,7,0
0.533,4,5,22,0,0,1,22,1
0.322,5,48,14,0,0,1,6,0
0.898,5,24,18,0,0,1,18,1
0.821,5,24,12,0,1,1,20,1
0.369,2,48,23,0,0,1,8,0
0.23,1,24,10,0,0,1,4,0
0.767,4,72,13,0,0,1,11,1
0.468,4,5,29,0,0,0,2,1
0.5,2,72,5,0,0,0,9,0
0.526,2,48,11,0,1,1,19,0
0.322,3,24,10,0,0,1,14,0
0.945,3,5,26,0,0,0,11,1
0.323,2,72,28,0,0,1,23,0
0.92,2,48,2,0,0,0,23,0
0.29,4,5,2,0,0,0,5,0
0.589,2,48,18,0,0,1,5,1
0.624,4,48,21,0,0,1,1,1
0.82,5,48,8,1,1,1,2,1
0.714,2,48,4,0,0,1,10,0
0.695,3,5,22,0,0,1,15,1
0.248,2,48,13,1,0,1,5,0
0.06,3,24,0,0,0,1,13,0
0.527,4,72,6,0,0,1,11,0
0.893,2,24,22,0,0,1,19,1
0.085,4,5,7,0,0,0,7,1
0.815,3,48,2,0,0,1,13,1
0.181,1,24,2,0,0,1,23,0
0.909,1,24,29,0,0,1,13,1
0.458,4,72,7,0,0,0,12,0
0.349,3,5,6,0,0,1,10,0
0.696,2,48,24,0,0,0,4,1
0.204,3,48,6,0,1,1,4,0
0.249,1,24,11,0,0,1,20,0
0.336,1,72,0,0,0,1,13,0
0.44,1,48,20,0,0,1,16,0
0.157,4,48,17,0,0,1,4,0
0.879,5,72,7,1,0,1,18,1
0.478,2,48,5,0,0,1,11,0
0.206,4,5,5,0,0,1,17,0
0.085,5,48,26,0,0,1,23,0
0.582,5,48,10,0,0,0,9,1
0.767,2,24,26,0,1,1,11,1
0.873,5,72,15,0,0,1,0,1
0.502,4,72,19,0,0,1,21,0
0.451,1,24,13,0,0,0,1,0
0.908,1,5,25,0,0,1,22,1
0.635,2,48,22,0,1,1,13,1
0.664,1,72,18,0,0,1,12,0
0.35,3,24,15,0,0,1,22,0
0.874,2,72,15,0,0,0,11,0
0.423,4,5,11,0,0,1,11,1
0.677,1,72,13,0,0,1,1,0
0.421,2,72,8,0,1,1,11,0
0.696,1,5,7,0,0,0,5,1
0.906,1,24,11,0,0,1,2,1
0.641,4,72,27,0,0,0,22,0
0.58,5,48,16,0,0,1,19,1
0.74,1,72,29,0,0,1,1,0
0.205,5,24,5,0,0,1,13,0
0.235,1,24,15,0,0,1,0,0
0.39,1,5,18,0,0,1,21,1
0.837,3,48,7,0,1,0,5,1
0.413,3,72,15,0,0,1,11,0
0.731,2,48,25,1,0,0,22,1
0.855,2,72,6,1,0,1,16,0
0.444,4,24,23,0,0,1,10,1
0.081,5,24,0,0,0,1,21,0
0.857,5,48,16,0,0,1,2,1
0.2,1,5,3,0,0,0,14,0
0.603,2,72,13,0,0,1,19,0
0.175,1,24,5,0,0,1,8,0
0.192,4,5,22,0,0,1,0,1
0.491,2,48,20,0,0,1,6,0
0.251,3,24,27,0,0,1,14,0
0.582,3,5,26,0,0,1,11,1
0.455,1,72,25,1,0,0,10,0
0.849,5,48,25,0,1,1,23,1
0.505,5,24,29,1,0,1,8,1
0.442,4,48,18,1,0,1,11,1
0.839,2,24,30,0,0,0,3,1
0.656,3,5,28,0,0,1,8,1
0.297,3,48,14,0,0,1,12,0
0.881,5,72,10,0,1,1,1,1
0.583,1,48,19,0,0,1,6,0
0.208,3,24,12,0,0,1,9,0
0.637,1,72,12,1,0,1,13,0
0.531,5,5,29,0,1,1,7,1
0.712,5,5,30,1,1,0,19,1
0.852,4,24,14,0,1,1,7,1
0.25,2,72,11,0,1,1,18,0
0.003,4,48,15,0,0,0,18,0
0.478,3,48,12,0,0,1,12,0
0.597,5,48,8,0,0,1,15,1
0.241,1,48,16,0,0,1,5,0
0.981,2,24,13,0,0,1,15,1
0.895,1,48,16,1,1,1,9,1
0.832,5,72,24,0,1,1,18,1
0.966,1,72,6,0,0,1,14,0
0.709,3,72,9,0,0,1,18,0
0.032,5,48,3,0,0,1,18,0
0.068,2,24,3,0,1,1,21,0
0.253,2,48,20,1,0,0,20,0
0.756,5,48,27,0,0,1,18,1
0.826,3,72,19,0,0,1,21,1
0.772,2,72,21,0,0,0,1,0
0.387,2,48,28,0,1,1,9,0
0.212,5,72,17,0,0,1,22,0
0.021,1,24,13,0,0,1,6,0
0.873,4,5,5,0,0,1,0,1
0.348,3,5,17,0,0,0,3,1
0.47,4,5,10,0,0,0,15,1
0.137,5,24,24,1,0,0,16,1
0.991,3,72,8,1,0,0,5,1
0.836,2,72,0,0,0,1,19,0
0.17,5,72,21,0,0,1,14,0
0.923,3,72,15,0,0,1,23,1
0.229,3,24,11,0,0,0,21,0
0.824,5,24,27,0,0,1,19,1
0.049,1,48,30,1,0,0,10,0
0.476,2,24,17,0,1,1,9,0
0.494,1,48,1,0,0,0,17,0
0.609,2,24,2,0,0,1,22,1
0.759,3,72,1,0,0,1,11,0
0.688,2,24,7,0,0,1,8,1
0.452,3,5,10,0,0,1,16,1
0.638,4,24,17,0,0,1,5,1
0.995,2,72,2,0,0,1,12,0
0.715,5,72,18,0,0,1,13,1
0.18,2,72,0,0,0,1,8,0
0.757,2,72,16,1,0,1,3,0
0.155,5,48,2,0,0,1,22,0
0.51,1,72,5,0,0,1,23,0
0.502,3,48,11,0,0,1,10,0
0.53,2,5,8,0,1,1,12,1
0.203,2,24,13,0,0,1,19,0
0.984,5,72,11,0,0,0,18,1
0.654,1,24,4,0,0,1,13,0
0.54,5,48,12,0,0,1,12,1
0.68,5,24,6,1,0,1,14,1
0.598,3,72,14,0,0,1,2,0
0.244,5,48,12,1,0,1,4,0
0.014,2,72,9,0,0,0,21,0
0.571,1,72,25,0,0,1,7,0
0.68,2,5,1,0,0,1,7,1
0.432,2,48,11,0,0,1,0,0
0.331,5,72,4,0,0,1,3,0
0.511,5,72,2,1,0,0,23,0
0.66,1,24,27,0,1,1,0,1
0.442,5,48,6,0,0,1,23,0
0.821,3,48,2,0,0,1,17,0
0.319,4,24,27,0,0,1,1,1
0.911,3,24,28,0,0,1,8,1
0.847,1,72,2,0,0,1,14,0
0.617,3,5,5,0,0,0,20,1
0.03,4,72,14,1,0,1,7,0
0.776,4,5,8,0,0,1,23,1
0.171,5,24,9,0,0,1,5,0
0.671,5,5,11,0,0,1,21,1
0.111,4,72,17,1,0,1,19,0
0.334,1,48,24,1,0,0,4,0
0.918,1,24,28,0,0,1,22,1
0.365,2,72,8,0,0,0,7,0
0.506,3,48,1,0,0,0,21,0
0.482,4,48,8,0,0,1,23,0
0.356,5,5,6,0,1,1,8,1
0.287,4,24,26,0,0,1,0,1
0.057,3,72,21,1,0,0,3,0
0.911,4,72,5,1,0,1,9,1
0.572,2,5,22,1,0,0,22,1
0.2,3,48,12,0,0,1,16,0
0.674,4,24,15,0,0,1,12,1
0.442,2,72,12,0,0,0,15,0
0.148,5,5,17,1,0,1,16,1
0.356,2,48,0,0,0,0,3,0
0.137,5,48,15,0,0,1,13,0
0.29,5,5,6,0,0,1,15,1
0.46,2,48,26,0,1,1,15,0
0.268,5,24,24,0,1,0,11,1
0.367,4,5,16,0,0,1,19,1
0.837,2,48,22,0,0,1,19,1
0.72,4,48,8,0,0,0,14,1
0.037,5,5,18,0,0,1,9,1
0.792,3,72,30,0,0,1,1,1
0.773,3,5,10,0,0,1,23,1
0.923,5,5,9,0,0,1,10,1
0.639,2,5,15,0,0,0,21,1
0.793,4,72,25,1,0,0,18,1
0.387,5,72,5,0,0,0,3,0
0.538,3,72,17,0,0,0,3,0
0.385,4,24,17,0,0,1,18,1
0.166,4,48,29,0,0,0,18,0
0.879,1,48,3,0,0,0,10,0
0.193,2,5,22,0,0,0,6,1
0.321,5,72,15,1,0,1,19,0
0.255,1,48,23,0,1,1,8,0
0.445,4,5,4,0,0,1,23,1
0.969,1,72,24,0,0,1,16,0
0.176,5,48,23,0,0,0,23,1
0.995,4,24,28,0,0,0,19,1
0.195,4,72,20,0,0,1,23,0
0.509,4,24,30,0,0,0,22,1
0.974,2,48,20,0,1,1,15,1
0.558,2,72,0,0,0,1,7,0
0.257,2,48,12,0,1,1,6,0
0.409,4,72,14,0,0,0,14,0
0.156,4,72,3,0,0,0,0,0
0.797,3,24,22,0,0,1,0,1
0.211,5,5,15,0,0,1,5,1
0.438,2,48,9,0,1,1,7,0
0.319,3,72,8,0,0,1,9,0
0.467,5,24,20,1,0,1,12,1
0.107,3,5,21,0,0,1,8,1
0.624,4,24,2,0,0,0,1,1
0.712,4,72,13,0,0,1,10,1
0.635,3,24,20,0,0,0,18,1
0.335,2,72,29,1,0,1,17,0
0.24,5,5,30,0,0,1,12,1
0.444,5,72,9,0,0,1,3,0
0.03,1,48,21,0,0,1,5,0
0.373,5,72,17,0,0,1,4,0
0.344,5,72,20,0,0,1,19,0
0.399,3,72,0,1,0,1,11,0
0.087,5,72,22,0,1,1,15,0
0.25,3,24,2,0,0,0,8,0
0.251,3,5,21,1,0,1,5,1
0.938,4,5,12,0,0,1,22,1
0.432,3,24,4,0,0,1,8,0
0.774,1,5,0,1,0,1,18,1
0.072,5,48,1,0,0,0,21,0
0.447,3,5,25,0,0,1,19,1
0.728,5,5,10,0,0,1,0,1
0.654,5,5,17,0,1,1,22,1
0.34,1,5,22,0,1,1,22,1
0.957,5,72,25,0,0,1,3,1
1.0,1,72,22,0,0,1,4,0
0.075,3,72,30,0,0,1,16,0
0.706,3,24,12,0,1,0,8,1
0.824,3,48,19,1,0,1,18,1
0.245,1,48,23,0,0,1,15,0
0.872,4,72,11,0,0,1,3,1
0.285,5,48,27,1,0,1,21,1
0.291,1,72,8,0,0,1,23,0
0.564,3,24,25,0,0,0,0,1
0.148,3,72,12,0,0,1,6,0
0.569,3,72,8,0,0,1,0,0
0.855,2,24,9,0,1,1,8,1
0.926,2,72,16,0,0,0,3,0
0.015,5,72,11,0,0,1,19,0
0.142,4,72,22,0,0,1,2,0
0.47,2,48,3,0,0,1,11,0
0.635,4,5,5,0,0,0,4,1
0.018,4,72,2,0,1,1,9,0
0.914,2,72,21,0,0,1,11,1
0.278,3,24,19,1,0,1,7,1
0.124,5,72,26,0,0,1,18,0
0.888,4,72,30,0,0,1,4,1
0.712,1,5,21,0,0,1,16,1
0.742,5,24,12,1,0,1,15,1
0.786,3,24,6,0,0,1,4,1
0.591,5,24,4,0,0,0,15,1
0.181,4,48,11,0,0,1,3,0
0.521,3,24,2,1,0,1,13,0
0.227,4,24,16,0,0,1,17,1
0.832,3,24,25,0,0,0,9,1
0.9,5,24,11,0,0,1,15,1
0.383,2,24,16,0,0,1,4,0
0.934,3,72,2,0,0,1,15,0
0.29,4,72,16,0,1,0,18,0
0.435,4,5,27,0,0,1,9,1
0.328,5,24,22,0,0,1,23,1
0.23,3,5,2,0,0,1,18,0
0.401,2,72,28,0,0,0,19,0
0.679,5,5,22,0,0,1,4,1
0.55,1,5,25,1,0,1,13,1
0.596,4,24,10,1,0,1,3,1
0.583,1,72,14,1,0,1,0,0
0.008,3,48,16,0,0,1,21,0
0.858,3,72,13,0,0,1,16,1
0.045,3,5,14,0,0,1,2,0
0.217,3,24,24,0,0,0,14,1
0.447,4,72,14,0,0,0,4,0
0.833,3,72,10,1,0,1,22,1
0.438,1,48,0,0,0,1,21,0
0.867,1,72,2,0,0,1,15,0
0.996,4,72,19,0,0,1,4,1
0.898,1,72,3,0,0,0,11,0
0.5,2,5,6,0,0,1,18,1
0.144,3,48,17,0,0,1,6,0
0.011,5,5,23,1,0,1,7,1
0.298,4,72,8,0,0,1,2,0
0.379,3,24,21,0,0,1,18,1
0.861,4,48,12,0,0,1,1,1
0.064,5,48,12,0,0,0,1,0
0.201,2,5,25,0,0,1,8,1
0.51,1,48,26,0,0,1,20,0
0.864,2,72,23,0,0,1,13,1
0.16,2,48,18,0,0,1,22,0
0.361,5,5,15,1,0,1,19,1
0.766,1,48,9,0,0,0,15,0
0.657,5,24,6,0,0,1,4,1
0.572,4,48,13,1,1,1,17,1
0.287,3,72,15,1,0,1,2,0
0.173,3,5,23,0,0,0,15,1
0.988,3,48,17,0,0,1,11,1
0.691,3,72,21,1,0,1,0,1
0.151,2,24,19,0,0,1,4,0
0.439,5,72,3,0,0,1,19,0
0.3,2,72,16,0,0,1,13,0
0.36,1,72,21,0,0,1,0,0
0.123,5,48,23,0,0,1,17,0
0.403,3,48,24,1,0,1,20,1
0.53,1,5,17,0,0,1,13,1
0.492,3,48,15,0,0,1,23,0
0.427,2,72,25,0,0,1,7,0
0.817,4,48,23,0,0,1,15,1
0.861,2,72,29,0,0,1,2,1
0.181,4,48,6,0,0,1,10,0
0.964,1,48,0,0,0,1,4,0
0.026,4,72,5,0,0,0,15,0
0.977,4,72,0,0,0,0,18,1
0.557,4,48,15,0,0,1,6,1
0.646,5,48,16,0,0,1,21,1
0.903,3,72,3,0,0,1,8,0
0.264,5,72,2,0,0,1,5,0
0.251,4,72,8,0,0,1,7,0
0.515,4,48,12,0,1,0,19,1
0.548,5,72,10,0,0,1,7,0
0.187,5,5,20,0,0,1,0,1
0.351,1,72,7,0,0,1,10,0
0.067,2,48,9,0,0,1,21,0
0.469,2,24,19,0,0,0,13,1
0.202,2,48,19,0,0,0,18,0
0.02,4,24,16,0,0,1,0,0
0.56,3,72,16,0,0,0,15,0
0.465,4,24,1,0,0,1,20,0
0.725,4,72,13,1,0,1,15,1
0.326,3,5,25,0,1,1,8,1
0.662,4,24,19,0,0,0,23,1
0.773,1,5,0,0,0,1,22,0
0.405,2,72,16,0,0,1,10,0
0.671,3,72,15,0,0,1,18,0
0.771,4,24,8,0,0,1,18,1
0.847,4,5,16,0,0,1,22,1
0.2,5,5,11,0,0,1,15,1
0.522,5,48,1,0,0,0,11,1
0.19,1,72,19,0,0,0,17,0
0.388,2,72,25,1,0,1,16,0
0.224,5,24,3,0,0,1,9,1
0.473,4,24,0,0,0,1,1,0
0.529,5,24,1,0,0,0,6,1
0.425,5,5,13,0,0,1,10,1
0.046,4,72,15,0,0,1,14,0
0.735,3,48,3,0,0,1,20,0
0.442,2,48,0,0,0,1,23,0
0.615,5,5,0,0,0,0,16,1
0.211,4,48,24,0,0,1,16,1
0.288,1,5,25,0,0,0,23,0
0.763,5,24,3,0,1,1,13,1
0.822,1,48,20,0,0,1,7,1
0.017,3,72,21,0,1,1,9,0
0.301,5,24,4,0,1,0,18,0
0.037,4,48,19,0,0,1,20,0
0.696,5,5,29,0,0,1,17,1
0.293,2,24,9,0,0,0,3,0
0.524,2,24,11,1,0,1,20,1
0.261,5,72,12,0,0,1,1,0
0.26,2,5,8,0,0,1,17,0
0.417,2,48,3,0,0,1,23,0
0.565,5,72,6,1,0,0,16,0
0.888,4,5,7,0,0,1,9,1
0.109,2,5,11,1,0,1,13,0
0.153,4,24,3,0,0,1,4,0
0.594,4,72,5,0,0,0,18,0
0.498,5,48,15,0,1,1,18,1
0.617,4,5,14,0,0,1,10,1
0.094,4,5,28,0,0,0,2,1
0.908,3,72,2,0,0,0,8,0
0.37,4,48,9,0,0,1,20,0
0.903,4,48,23,0,0,1,18,1
0.115,2,72,17,1,0,1,13,0
0.603,5,24,14,0,0,1,5,1
0.174,4,72,0,0,0,1,3,0
0.262,3,5,25,0,0,1,6,1
0.326,3,72,2,0,0,0,23,0
0.088,5,48,30,0,0,1,0,0
0.352,2,48,24,0,0,1,12,0
0.503,1,48,20,0,0,1,14,0
0.072,4,24,6,0,0,1,19,0
0.529,1,24,4,0,0,1,4,0
0.125,4,72,14,0,0,1,16,0
0.86,5,48,24,0,0,1,14,1
0.584,2,48,8,0,0,1,13,0
0.637,4,24,27,0,0,1,16,1
0.815,1,48,7,0,0,1,16,0
0.187,2,5,12,0,0,0,3,0
0.597,3,24,9,1,0,1,7,1
0.102,3,5,16,1,0,1,0,1
0.423,5,5,27,1,0,1,22,1
0.615,3,24,2,1,0,0,7,1
0.544,1,48,15,0,0,0,18,0
0.021,4,72,0,0,0,1,12,0
0.29,1,24,13,0,0,0,9,0
0.494,5,24,4,0,0,1,17,1
0.146,4,5,30,0,0,1,13,1
0.06,3,5,2,0,0,1,18,0
0.652,4,24,22,0,0,1,19,1
0.354,4,72,13,0,1,1,13,0
0.763,5,24,3,0,0,1,6,1
0.686,4,5,29,0,0,1,19,1
0.894,2,5,29,1,0,1,12,1
0.796,4,5,20,0,0,1,9,1
0.326,4,24,2,0,0,1,10,0
0.153,2,24,4,0,0,1,10,0
0.112,5,24,17,0,0,1,11,1
0.641,5,72,25,0,0,1,1,1
0.814,5,24,23,0,0,1,13,1
0.836,2,72,26,0,0,1,20,1
0.832,3,24,17,0,1,0,15,1
0.969,5,5,23,0,0,1,20,1
0.794,3,5,9,0,0,0,11,1
0.581,3,5,3,1,0,1,19,1
0.989,2,48,5,1,0,1,5,1
0.383,5,24,2,0,0,1,12,1
0.937,2,5,12,1,1,1,4,1
0.008,4,5,22,0,0,1,10,1
0.738,1,48,24,1,0,1,0,1
0.598,1,5,26,0,0,1,14,1
0.233,3,24,25,0,0,1,2,1
0.432,3,24,8,1,0,1,22,1
0.928,5,72,15,0,1,1,23,1
0.169,5,24,30,0,0,1,9,1
0.301,1,48,15,1,0,1,22,0
0.682,5,72,22,0,0,1,3,1
0.465,5,5,12,0,0,1,15,1
0.317,1,5,2,0,0,1,9,0
0.501,3,48,30,0,0,0,6,1
0.923,4,48,2,0,0,1,12,1
0.31,3,5,17,0,0,1,8,1
0.122,1,72,12,0,0,1,3,0
0.877,1,5,21,0,0,1,2,1
0.522,1,72,5,1,0,1,18,0
0.955,4,48,0,1,0,1,20,1
0.911,3,24,24,0,1,0,14,1
0.959,3,5,3,0,0,1,22,1
0.96,1,5,8,0,0,0,21,1
0.436,3,24,4,0,0,1,9,1
0.073,1,72,29,0,0,1,19,0
0.098,3,24,7,0,0,1,4,0
0.754,3,72,8,0,0,1,13,0
0.27,3,5,13,1,0,0,3,1
0.882,4,5,29,0,0,1,23,1
0.242,1,5,30,0,0,1,20,1
0.428,3,72,23,0,0,0,16,0
0.014,1,48,20,0,0,1,9,0
0.24,3,24,11,0,0,0,15,0
0.759,4,5,3,0,0,1,11,1
0.077,4,48,1,0,1,1,15,0
0.912,1,48,19,0,0,1,20,1
0.62,2,5,10,0,0,1,19,1
0.922,2,5,16,0,0,1,16,1
0.946,5,24,9,1,0,1,19,1
0.269,4,24,23,0,0,0,0,1
0.533,1,72,16,0,0,1,21,0
0.46,5,48,19,0,0,0,5,1
0.956,2,48,12,0,0,1,22,1
0.214,3,72,3,0,0,1,8,0
0.279,2,72,20,0,0,1,20,0
0.7,3,24,29,0,0,1,4,1
0.253,1,72,19,0,0,1,20,0
0.066,5,48,4,0,0,1,18,0
0.959,3,24,30,0,0,0,18,1
0.689,5,72,15,0,0,1,12,1
0.784,4,24,14,0,0,1,23,1
0.422,1,24,18,0,0,1,21,0
0.074,2,5,3,1,0,1,21,0
0.868,4,48,30,0,0,1,23,1
0.171,2,24,5,0,0,1,15,0
0.524,3,72,1,0,0,1,9,0
0.831,1,24,15,1,0,1,14,1
0.205,5,24,3,0,0,1,23,0
0.141,1,5,19,0,0,1,11,0
0.232,4,48,8,0,0,0,7,0
0.197,3,72,28,0,0,1,7,0
0.445,3,48,12,0,0,1,0,0
0.488,1,5,10,0,0,1,16,1
0.854,3,5,21,0,0,1,5,1
0.746,5,48,1,0,0,0,8,1
0.592,5,24,30,0,0,1,14,1
0.371,3,5,10,0,0,1,23,1
0.772,4,72,13,0,0,1,21,0
0.213,2,5,3,0,0,1,22,0
0.104,5,48,10,0,1,1,6,0
0.841,3,5,7,0,0,0,0,1
0.215,5,24,0,0,0,1,1,0
0.287,3,24,1,0,0,1,8,0
0.693,2,48,13,0,0,1,11,0
0.921,1,72,30,0,0,1,0,1
0.891,4,72,19,0,0,0,5,1
0.748,1,48,15,0,0,1,7,0
0.975,3,5,29,0,0,1,13,1
0.801,3,48,10,0,0,1,23,1
0.539,1,72,8,0,0,0,8,0
0.958,3,5,28,0,0,1,13,1
0.987,1,24,1,1,0,1,10,1
0.597,2,5,29,0,1,0,20,1
0.873,3,5,12,0,1,1,8,1
0.272,4,48,9,0,1,1,1,0
0.037,3,72,8,0,0,1,16,0
0.296,5,72,11,0,0,1,17,0
0.142,3,72,13,0,0,1,6,0
0.697,5,48,23,1,0,1,21,1
0.793,4,48,5,0,0,1,3,1
0.33,1,48,7,1,0,1,2,0
0.257,4,48,15,0,0,0,23,0
0.878,1,5,22,0,0,0,22,1
0.584,4,72,1,0,0,1,13,0
0.921,3,72,18,0,0,0,16,1
0.759,3,48,2,0,0,1,2,0
0.856,2,72,20,0,0,1,8,0
0.934,5,24,24,0,0,1,18,1
0.859,3,48,0,0,0,1,10,0
0.864,3,72,7,0,0,1,23,0
0.741,5,72,17,1,0,0,15,1
0.639,4,72,25,0,0,0,14,1
0.322,3,24,11,1,0,1,3,1
0.847,5,72,9,0,0,1,22,1
0.754,5,5,18,0,0,1,12,1
0.126,5,24,3,0,0,1,0,0
0.355,4,48,18,1,0,0,13,1
0.213,5,72,15,1,0,1,14,0
0.481,1,48,1,0,0,0,1,0
0.365,1,5,11,0,0,1,1,0
0.784,5,48,14,0,0,1,20,1
0.258,3,48,11,0,0,1,15,0
0.833,4,24,7,0,0,0,0,1
0.983,1,48,30,0,1,1,15,1
0.47,5,24,15,0,0,1,17,1
0.947,5,48,26,0,0,0,13,1
0.023,4,72,25,0,1,1,14,0
0.875,3,24,20,0,0,0,9,1
0.36,1,72,19,0,0,1,7,0
0.871,4,48,4,0,0,0,18,1
0.586,4,24,30,0,0,1,21,1
0.174,5,24,11,1,0,1,13,1
0.53,4,24,6,1,0,1,2,1
0.754,3,5,4,0,0,1,5,1
0.432,2,48,19,0,0,1,12,0
0.639,5,5,3,0,0,0,13,1
0.039,1,5,17,0,0,1,3,0
0.915,5,48,3,0,0,1,6,1
0.563,1,48,19,0,0,1,20,0
0.154,5,48,26,0,0,1,11,0
0.676,3,24,16,0,0,1,15,1
0.628,3,5,23,0,0,1,14,1
0.137,1,72,18,0,1,1,1,0
0.33,2,24,13,0,0,1,20,0
0.676,5,24,22,0,0,1,14,1
0.487,2,48,27,0,0,0,13,0
0.506,4,48,15,0,0,1,1,1
0.443,2,72,27,0,0,1,23,0
0.744,4,24,2,0,1,1,0,1
0.704,1,72,25,1,1,1,8,1
0.688,4,5,29,0,0,1,3,1
0.396,3,48,0,1,0,1,2,0
0.03,1,48,16,0,0,0,2,0
0.477,1,5,21,0,0,1,14,1
0.952,4,24,0,0,0,0,14,1
0.213,5,72,25,0,1,0,0,0
0.881,3,24,13,0,0,0,19,1
0.919,2,48,0,0,0,1,12,1
0.846,5,72,29,0,0,1,2,1
0.271,3,5,26,0,0,1,17,1
0.031,1,48,10,1,0,1,2,0
0.572,3,72,1,0,0,1,6,0
0.703,3,72,15,0,0,0,8,0
0.843,3,72,4,0,0,0,5,0
0.401,3,5,12,0,0,1,16,1
0.11,4,48,27,0,0,1,15,0
0.109,1,48,17,0,0,1,11,0
0.021,1,72,21,0,0,0,1,0
0.401,5,72,27,0,0,1,23,1
0.902,3,24,19,0,0,1,12,1
0.629,5,5,22,0,1,1,3,1
0.669,4,24,13,0,0,0,14,1
0.143,1,72,23,0,0,1,0,0
0.382,5,5,14,0,1,1,8,1
0.36,4,24,21,0,0,1,14,1
0.737,1,48,8,0,0,1,1,0
0.494,1,5,22,0,0,0,3,1
0.537,1,5,28,0,0,1,16,1
0.368,4,72,3,0,0,1,1,0
0.488,1,24,25,0,0,1,18,0
0.259,1,24,3,0,0,1,11,0
0.535,2,72,30,0,0,1,22,0
0.524,5,5,5,0,1,1,8,1
0.688,4,5,2,0,0,1,12,1
0.061,2,72,3,0,0,1,4,0
0.824,1,5,27,0,0,1,23,1
0.718,4,5,7,0,0,1,19,1
0.123,4,72,24,1,0,1,18,0
0.805,3,72,29,0,0,0,1,1
0.36,4,72,6,0,0,1,5,0
0.276,1,5,12,0,1,1,14,0
0.822,5,72,29,1,0,0,20,1
0.892,1,5,20,1,0,1,16,1
0.96,2,24,30,1,1,1,7,1
0.313,4,5,22,0,0,0,15,1
0.384,5,24,15,0,0,1,14,1
0.978,3,24,1,0,1,1,16,1
0.16,4,72,8,0,0,1,1,0
0.631,1,5,28,0,0,1,15,1
0.482,5,5,17,0,0,1,5,1
0.501,1,72,5,0,0,1,22,0
0.536,1,48,26,0,1,1,5,0
0.081,4,72,21,0,0,1,11,0
0.983,5,5,28,0,0,1,11,1
0.822,1,24,0,0,0,1,8,0
0.042,3,48,2,0,0,0,6,0
0.772,4,72,22,0,0,1,18,1
0.584,4,24,16,0,0,1,4,1
0.178,2,5,12,0,0,1,1,0
0.149,1,24,15,0,0,1,4,0
0.535,1,24,28,0,0,0,13,1
0.968,3,24,2,0,0,0,22,1
0.975,3,48,30,0,0,1,17,1
0.992,3,72,22,0,0,0,17,1
0.551,4,72,24,0,0,0,4,1
0.281,2,24,26,0,0,1,7,1
0.57,1,24,10,1,0,1,15,1
0.006,3,24,24,0,0,0,13,0
0.467,4,24,12,1,0,1,23,1
0.418,4,24,13,0,0,0,15,1
0.058,5,24,6,0,0,1,0,0
0.797,5,24,9,0,1,1,11,1
0.692,4,24,3,1,0,1,20,1
0.414,2,72,14,0,0,1,20,0
0.879,5,72,0,1,0,0,16,1
0.524,2,72,18,1,0,1,5,0
0.266,3,5,13,0,1,1,4,1
0.285,5,72,19,0,0,1,1,0
0.264,1,48,28,0,0,1,14,0
0.045,3,24,6,0,0,1,12,0
0.458,2,72,1,0,0,1,16,0
0.422,4,72,9,1,0,1,18,0
0.684,2,5,16,0,0,0,6,1
0.173,3,24,14,1,0,0,16,0
0.023,1,48,25,0,0,0,3,0
0.734,2,5,9,0,0,1,15,1
0.388,2,48,15,0,0,1,7,0
0.111,5,24,14,0,0,1,19,0
0.435,1,48,26,1,0,1,22,0
0.253,1,5,10,0,0,0,4,0
0.614,4,48,26,0,0,1,10,1
0.301,3,48,17,0,0,1,5,0
0.055,4,24,4,0,0,1,1,0
0.023,3,48,3,0,0,1,7,0
0.671,5,24,7,0,0,0,21,1
0.525,2,24,11,0,0,1,23,1
0.563,4,5,1,0,0,1,20,1
0.56,3,24,15,0,1,1,18,1
0.146,2,48,0,0,1,1,4,0
0.413,3,72,20,0,0,1,9,0
0.036,1,5,1,0,0,1,21,0
0.323,3,48,29,0,1,1,16,0
0.854,2,72,23,0,0,1,0,0
0.315,2,48,21,0,0,0,14,0
0.825,1,72,24,0,0,1,12,0
0.774,4,5,1,0,1,1,21,1
0.908,1,72,2,0,0,1,4,0
0.95,4,48,5,0,0,1,8,1
0.832,3,72,10,0,0,1,11,1
0.32,2,48,15,0,0,1,2,0
0.015,5,48,22,0,0,1,17,0
0.499,3,72,29,0,0,1,8,0
0.673,3,24,30,0,0,0,5,1
0.05,1,72,29,0,0,1,21,0
0.966,2,72,14,0,0,0,7,1
0.718,2,48,11,0,0,0,15,0
0.731,1,48,27,0,0,1,20,1
0.393,3,72,4,0,0,0,6,0
0.296,5,5,13,0,0,1,2,1
0.596,4,48,9,0,0,1,18,1
0.379,3,24,3,0,0,1,11,0
0.47,1,24,9,0,1,1,11,0
0.573,1,48,24,0,0,1,8,0
0.351,4,48,30,1,0,0,9,1
0.265,1,72,22,1,0,1,20,0
0.94,2,48,19,0,0,0,17,1
0.656,3,48,19,1,0,0,23,1
0.156,2,5,20,1,1,1,20,1
0.972,5,5,10,0,0,0,16,1
0.767,4,5,15,1,0,1,19,1
0.645,1,72,29,0,0,1,12,0
0.255,2,24,13,0,0,0,15,0
0.053,4,5,15,0,0,1,20,1
0.604,5,72,15,0,0,0,6,0
0.622,2,72,18,0,0,1,8,0
0.866,5,24,16,0,0,1,18,1
0.166,2,5,3,0,0,1,19,0
0.314,4,48,14,0,0,1,15,0
